PFAS,conc
,
PFCA (3),27.6
,
PFCA (3),37
,
PFCA (3),24
,
PFCA (3),35
,
PFCA (3),31
,
PFCA (3),38
,
PFCA (3),51.9
,
PFCA (3),4.1
,
PFCA (3),4.3
,
PFCA (3),17.2
,
PFCA (3),66.8
,
PFCA (3),8
,
PFCA (3),8.1
,
PFCA (3),130.3
,
PFCA (3),4.9
,
PFCA (3),22.3
,
PFCA (3),46.9
,
PFCA (4),125
,
PFCA (4),47
,
PFCA (4),36
,
PFCA (4),52
,
PFCA (4),43
,
PFCA (4),48
,
PFCA (4),300
,
PFCA (4),500
,
PFCA (4),200
,
PFCA (4),300
,
PFCA (4),200
,
PFCA (4),500
,
PFCA (4),100
,
PFCA (4),200
,
PFCA (4),500
,
PFCA (4),60.6
,
PFCA (4),4.1
,
PFCA (4),9.3
,
PFCA (4),96.4
,
PFCA (4),35.6
,
PFCA (4),35.5
,
PFCA (4),9.4
,
PFCA (4),30.4
,
PFCA (4),10.7
,
PFCA (4),7.5
,
PFCA (4),23.7
,
PFCA (4),12.9
,
PFCA (4),10.8
,
PFCA (4),45.6
,
PFCA (4),77.5
,
PFCA (4),5.3
,
PFCA (4),10.4
,
PFCA (4),32.7
,
PFCA (4),76.6
,
PFCA (5),170
,
PFCA (5),99
,
PFCA (5),110
,
PFCA (5),99
,
PFCA (5),170
,
PFCA (5),100
,
PFCA (5),300
,
PFCA (5),100
,
PFCA (5),100
,
PFCA (5),100
,
PFCA (5),100
,
PFCA (5),100
,
PFCA (5),100
,
PFCA (5),200
,
PFCA (5),143
,
PFCA (5),21.2
,
PFCA (5),3.7
,
PFCA (5),50.3
,
PFCA (5),299
,
PFCA (5),74.5
,
PFCA (5),79.3
,
PFCA (5),0.4
,
PFCA (5),52.8
,
PFCA (5),128.8
,
PFCA (5),42.3
,
PFCA (5),34.5
,
PFCA (5),95.9
,
PFCA (5),48.8
,
PFCA (5),57.2
,
PFCA (5),171.3
,
PFCA (5),414.7
,
PFCA (5),26.2
,
PFCA (5),50.3
,
PFCA (5),165.3
,
PFCA (5),213.8
,
PFCA (6),54
,
PFCA (6),25
,
PFCA (6),22
,
PFCA (6),26
,
PFCA (6),37
,
PFCA (6),40.9
,
PFCA (6),9.9
,
PFCA (6),12.8
,
PFCA (6),24
,
PFCA (6),89.1
,
PFCA (6),22.4
,
PFCA (6),23.2
,
PFCA (6),0.1
,
PFCA (6),16.9
,
PFCA (6),39.3
,
PFCA (6),6.8
,
PFCA (6),5.6
,
PFCA (6),18.9
,
PFCA (6),12.8
,
PFCA (6),6.5
,
PFCA (6),36.7
,
PFCA (6),113.9
,
PFCA (6),7.6
,
PFCA (6),19
,
PFCA (6),24.5
,
PFCA (6),63.7
,
PFCA (7),150
,
PFCA (7),83
,
PFCA (7),93
,
PFCA (7),86
,
PFCA (7),170
,
PFCA (7),100
,
PFCA (7),100
,
PFCA (7),100
,
PFCA (7),100
,
PFCA (7),100
,
PFCA (7),100
,
PFCA (7),100
,
PFCA (7),100
,
PFCA (7),100
,
PFCA (7),132
,
PFCA (7),17.8
,
PFCA (7),3.1
,
PFCA (7),68.6
,
PFCA (7),245
,
PFCA (7),179.7
,
PFCA (7),178.1
,
PFCA (7),0.3
,
PFCA (7),38.7
,
PFCA (7),73.9
,
PFCA (7),22
,
PFCA (7),16.2
,
PFCA (7),49.2
,
PFCA (7),38.1
,
PFCA (7),21.5
,
PFCA (7),84.1
,
PFCA (7),215.1
,
PFCA (7),15.2
,
PFCA (7),37.5
,
PFCA (7),64.7
,
PFCA (7),244.2
,
PFCA (8),0.6
,
PFCA (8),0.8
,
PFCA (8),0.9
,
PFCA (8),0.9
,
PFCA (8),0.2
,
PFCA (8),0.3
,
PFCA (8),37.9
,
PFCA (8),0.5
,
PFCA (8),20.9
,
PFCA (8),0.3
,
PFCA (8),1
,
PFCA (8),0.2
,
PFCA (8),0.6
,
PFCA (9),0.3
,
PFCA (9),0.3
,
PFCA (9),0.4
,
PFCA (9),0.1
,
PFCA (9),0.3
,
PFCA (9),0.2
,
PFCA (9),0.2
,
PFCA (9),0.1
,
PFCA (10),1
,
PFCA (10),0.1
,
PFCA (10),0.1
,
PFCA (10),14.7
,
PFCA (10),8.3
,
PFCA (10),0.1
,
PFCA (11),1.5
,
PFCA (11),0.2
,
PFCA (11),0.1
,
PFCA (11),0.1
,
PFCA (11),0.1
,
PFCA (12),4.9
,
PFCA (12),3.2
,
PFSA (2),11.27149731
,
PFSA (2),7.795701582
,
PFSA (2),9.035942631
,
PFSA (2),7.654164837
,
PFSA (2),11.15441344
,
PFSA (3),193.0628041
,
PFSA (3),167.0041541
,
PFSA (3),175.780938
,
PFSA (3),184.1679942
,
PFSA (3),256.0787118
,
PFSA (4),253.7
,
PFSA (4),380
,
PFSA (4),220
,
PFSA (4),160
,
PFSA (4),210
,
PFSA (4),250
,
PFSA (4),100
,
PFSA (4),100
,
PFSA (4),100
,
PFSA (4),100
,
PFSA (4),100
,
PFSA (4),200
,
PFSA (4),250.1
,
PFSA (4),7.2
,
PFSA (4),10.1
,
PFSA (4),335
,
PFSA (4),183
,
PFSA (4),174
,
PFSA (4),0.1
,
PFSA (4),42.9
,
PFSA (4),89.1
,
PFSA (4),50.4
,
PFSA (4),44.2
,
PFSA (4),165.2
,
PFSA (4),60.6
,
PFSA (4),60.6
,
PFSA (4),203.7
,
PFSA (4),179.5
,
PFSA (4),26.8
,
PFSA (4),37.8
,
PFSA (4),211.1
,
PFSA (4),232.8
,
PFSA (5),210
,
PFSA (5),120
,
PFSA (5),80
,
PFSA (5),90
,
PFSA (5),120
,
PFSA (5),239.4
,
PFSA (6),370
,
PFSA (6),1700
,
PFSA (6),910
,
PFSA (6),760
,
PFSA (6),850
,
PFSA (6),900
,
PFSA (6),1400
,
PFSA (6),900
,
PFSA (6),500
,
PFSA (6),600
,
PFSA (6),600
,
PFSA (6),800
,
PFSA (6),700
,
PFSA (6),600
,
PFSA (6),1000
,
PFSA (6),1300
,
PFSA (6),20
,
PFSA (6),237
,
PFSA (6),30.3
,
PFSA (6),1200
,
PFSA (6),571.8
,
PFSA (6),529.1
,
PFSA (6),173.7
,
PFSA (6),339.8
,
PFSA (6),272.9
,
PFSA (6),208.7
,
PFSA (6),642.2
,
PFSA (6),530.9
,
PFSA (6),251.6
,
PFSA (6),803.6
,
PFSA (6),838.5
,
PFSA (6),89.5
,
PFSA (6),172.7
,
PFSA (6),1025.5
,
PFSA (6),1647.6
,
PFSA (7),901.3
,
PFSA (7),410
,
PFSA (7),120
,
PFSA (7),120
,
PFSA (7),93
,
PFSA (7),140
,
PFSA (7),300
,
PFSA (7),200
,
PFSA (7),100
,
PFSA (7),100
,
PFSA (7),100
,
PFSA (7),100
,
PFSA (7),100
,
PFSA (7),100
,
PFSA (7),263.2
,
PFSA (8),568
,
PFSA (8),15000
,
PFSA (8),8000
,
PFSA (8),9300
,
PFSA (8),6700
,
PFSA (8),7900
,
PFSA (8),11000
,
PFSA (8),11000
,
PFSA (8),5100
,
PFSA (8),5600
,
PFSA (8),5300
,
PFSA (8),5700
,
PFSA (8),4900
,
PFSA (8),4900
,
PFSA (8),8000
,
PFSA (8),12000
,
PFSA (8),348
,
PFSA (8),20
,
PFSA (8),58.9
,
PFSA (8),1200
,
PFSA (8),8700
,
PFSA (8),2202.7
,
PFSA (8),2206.2
,
PFSA (8),15.4
,
PFSA (8),1367.2
,
PFSA (8),2760.9
,
PFSA (8),860.3
,
PFSA (8),765.4
,
PFSA (8),2254.5
,
PFSA (8),2622.2
,
PFSA (8),954.9
,
PFSA (8),5310.1
,
PFSA (8),5568.7
,
PFSA (8),634.9
,
PFSA (8),1226.7
,
PFSA (8),5973.7
,
PFSA (8),8897.2
,
PFSA (9),160
,
PFSA (9),53
,
PFSA (9),56
,
PFSA (9),9
,
PFSA (9),27
,
PFSA (9),29.8
,
PFSA (9),30.6
,
PFSA (9),12.7
,
PFSA (9),23.6
,
PFSA (9),5.1
,
PFSA (9),20.7
,
PFSA (9),31.1
,
PFSA (9),14.3
,
PFSA (9),28.5
,
PFSA (9),33.4
,
PFSA (9),86.6
,
PFSA (9),24
,
PFSA (9),19.7
,
PFSA (9),56.8
,
PFSA (10),114.4
,
PFSA (10),102
,
PFSA (10),51
,
PFSA (10),52
,
PFSA (10),11
,
PFSA (10),27
,
PFSA (10),16.7
,
PFSA (10),33.1
,
PFSA (10),34
,
PFSA (10),20.1
,
PFSA (10),3.2
,
PFSA (10),6.3
,
PFSA (10),5.3
,
PFSA (10),27.5
,
PFSA (10),5.2
,
PFSA (10),7.9
,
PFSA (10),7.9
,
PFSA (10),38.5
,
PFSA (10),8.7
,
PFSA (10),21.4
,
PFSA (10),10.6
,
n:2 FTS (4/6/8),0.6
,
n:2 FTS (4/6/8),0.2
,
n:2 FTS (4/6/8),8.4
,
n:2 FTS (4/6/8),26.5
,
n:2 FTS (4/6/8),0.6
,
n:2 FTS (4/6/8),0.4
,
n:2 FTS (4/6/8),0.3
,
n:2 FTS (4/6/8),1.4
,
n:2 FTS (4/6/8),14.4
,
n:2 FTS (4/6/8),52.8
,
n:2 FTS (4/6/8),2.5
,
n:2 FTS (4/6/8),20.9
,
n:2 FTS (4/6/8),0.3
,
n:2 FTS (4/6/8),0.3
,
n:2 FTS (4/6/8),94.6
,
n:2 FTS (4/6/8),15.6
,
n:2 FTS (4/6/8),0.7
,
n:2 FTS (4/6/8),5.8
,
n:2 FTS (4/6/8),29.5
,
n:2 FTS (4/6/8),7.7
,
n:2 FTS (4/6/8),24.8
,
n:2 FTS (4/6/8),8.5
,
PFPA (8/10),0.3
,
PFPA (8/10),0.5
,
PFPA (8/10),1
,
FASA (4/6/8),2.8
,
FASA (4/6/8),49.1
,
FASA (4/6/8),12.3
,
FASA (4/6/8),0.1
,
FASA (4/6/8),0.1
,
FASA (4/6/8),0.3
,
FASA (4/6/8),0.7
,
FASA (4/6/8),0.2
,
FASA (4/6/8),0.1
,
FASA (4/6/8),0.3
,
FASA (4/6/8),0.5
,
FASA (4/6/8),0.1
,
FASA (4/6/8),0.3
,
FASA (4/6/8),1.6
,
FASA (4/6/8),0.7
,
FASA (4/6/8),0.3
,
FASA (4/6/8),0.9
,
Me/Et-FOSA(A),0.2
,
Me/Et-FOSA(A),0.1
,
Me/Et-FOSA(A),0.2
,
Me/Et-FOSA(A),0.6
,
Me/Et-FOSA(A),0.5
,
Me/Et-FOSA(A),0.2
,
Me/Et-FOSA(A),0.3
,
Me/Et-FOSA(A),11.7
,
Me/Et-FOSA(A),0.1
,
Me/Et-FOSA(A),0.1
,
Me/Et-FOSA(A),0.3
,
Me/Et-FOSA(A),0.2
,
Me/Et-FOSA(A),0.6
,
Me/Et-FOSE,2.8
,
Me/Et-FOSE,2.5
,
Me/Et-FOSE,0.7
,
Me/Et-FOSE,5.4
,
Me/Et-FOSE,0.7
,
Me/Et-FOSE,0.6
,
Me/Et-FOSE,1.6
,
Me/Et-FOSE,0.3
,
Me/Et-FOSE,11
,
Me/Et-FOSE,4
,
Me/Et-FOSE,0.5
,
Me/Et-FOSE,0.9
,
Me/Et-FOSE,3.9
,
Me/Et-FOSE,4
,
Me/Et-FOSE,5.1
,
Me/Et-FOSE,0.6
,
Me/Et-FOSE,0.2
,
Me/Et-FOSE,0.2
,
Me/Et-FOSE,0.6
,
Me/Et-FOSE,0.7
,
Me/Et-FOSE,0.2
,
Me/Et-FOSE,10.8
,
Me/Et-FOSE,494
,
Me/Et-FOSE,0.2
,
Me/Et-FOSE,1.3
,
FtTAoS (6),204
,
FtTAoS (6),68.4
,
FtTAoS (6),1.3
,
FtTAoS (6),12.4
,
AmPr-FASA (4),9
,
AmPr-FASA (4),120
,
AmPr-FASA (4),180
,
AmPr-FASA (4),140
,
AmPr-FASA (4),110
,
AmPr-FASA (4),100
,
AmPr-FASA (4),900
,
AmPr-FASA (4),1300
,
AmPr-FASA (4),700
,
AmPr-FASA (4),1300
,
AmPr-FASA (4),1100
,
AmPr-FASA (4),800
,
AmPr-FASA (4),600
,
AmPr-FASA (5),8
,
AmPr-FASA (5),140
,
AmPr-FASA (5),180
,
AmPr-FASA (5),140
,
AmPr-FASA (5),110
,
AmPr-FASA (5),600
,
AmPr-FASA (5),800
,
AmPr-FASA (5),500
,
AmPr-FASA (5),900
,
AmPr-FASA (5),800
,
AmPr-FASA (5),600
,
AmPr-FASA (5),500
,
AmPr-FASA (6),189
,
AmPr-FASA (6),660
,
AmPr-FASA (6),850
,
AmPr-FASA (6),743
,
AmPr-FASA (6),690
,
AmPr-FASA (6),400
,
AmPr-FASA (6),1100
,
AmPr-FASA (6),4800
,
AmPr-FASA (6),5100
,
AmPr-FASA (6),3000
,
AmPr-FASA (6),4700
,
AmPr-FASA (6),5100
,
AmPr-FASA (6),3800
,
AmPr-FASA (6),4200
,
AmPr-FASA (7),12
,
AmPr-FASA (7),15
,
AmPr-FASA (7),30
,
AmPr-FASA (7),24
,
AmPr-FASA (8),9.9
,
AmPr-FASA (8),62
,
AmPr-FASA (8),75
,
AmPr-FASA (8),67
,
AmPr-FASA (8),37
,
AmPr-FASA-PrA (4),140
,
AmPr-FASA-PrA (4),120
,
AmPr-FASA-PrA (4),110
,
AmPr-FASA-PrA (4),150
,
AmPr-FASA-PrA (4),1000
,
AmPr-FASA-PrA (4),1300
,
AmPr-FASA-PrA (4),1100
,
AmPr-FASA-PrA (4),1400
,
AmPr-FASA-PrA (4),1300
,
AmPr-FASA-PrA (4),1200
,
AmPr-FASA-PrA (4),1500
,
AmPr-FASA-PrA (5),4
,
AmPr-FASA-PrA (5),200
,
AmPr-FASA-PrA (5),170
,
AmPr-FASA-PrA (5),140
,
AmPr-FASA-PrA (5),130
,
AmPr-FASA-PrA (5),400
,
AmPr-FASA-PrA (5),600
,
AmPr-FASA-PrA (5),600
,
AmPr-FASA-PrA (5),600
,
AmPr-FASA-PrA (5),500
,
AmPr-FASA-PrA (5),500
,
AmPr-FASA-PrA (5),700
,
AmPr-FASA-PrA (6),930
,
AmPr-FASA-PrA (6),850
,
AmPr-FASA-PrA (6),850
,
AmPr-FASA-PrA (6),960
,
AmPr-FASA-PrA (6),100
,
AmPr-FASA-PrA (6),2200
,
AmPr-FASA-PrA (6),2700
,
AmPr-FASA-PrA (6),2400
,
AmPr-FASA-PrA (6),2600
,
AmPr-FASA-PrA (6),2600
,
AmPr-FASA-PrA (6),2500
,
AmPr-FASA-PrA (6),3600
,
AmPr-FASA-PrA (7),17
,
AmPr-FASA-PrA (7),17
,
AmPr-FASA-PrA (7),34
,
AmPr-FASA-PrA (7),44
,
AmPr-FASA-PrA (8),72
,
AmPr-FASA-PrA (8),58
,
AmPr-FASA-PrA (8),53
,
AmPr-FASA-PrA (8),65