function.,sequence,HLNR_ED,HLNR_NA,HLNR_CT
K00217,ASV0114,0,0,0
K00217,ASV0353,0,0,0
K00217,ASV0473,8,85,8.5
K00217,ASV0510,0,0.5,1
K00217,ASV0721,0,0,0
K00217,ASV0835,0,0.5,0
K00217,ASV0932,0,2,0
K00217,ASV1013,0,1,0
K00217,ASV1811,1,0.5,0
K00217,ASV1990,1,0,0
K00217,ASV2030,2.8,0.2,13.1
K00217,ASV2111,0,0,0
K00217,ASV2174,0,0,0
K00217,ASV2185,0,0,0
K00299,ASV0002,11,0,0
K00299,ASV0006,0,0,0
K00299,ASV0014,0,0,0
K00299,ASV0018,2,21,0
K00299,ASV0035,0,0,0
K00299,ASV0043,17,0,1.5
K00299,ASV0051,0,0,0
K00299,ASV0062,0,0,0
K00299,ASV0069,0,0,0
K00299,ASV0079,0,0,0
K00299,ASV0082,0,0,0
K00299,ASV0092,0,0,0
K00299,ASV0095,72.33,0,0
K00299,ASV0097,1539,0,1474
K00299,ASV0114,0,0,0
K00299,ASV0119,0,2,0
K00299,ASV0122,0,1,0
K00299,ASV0129,0,0,0
K00299,ASV0134,0,0,0
K00299,ASV0146,0,0,0
K00299,ASV0153,0,0,2
K00299,ASV0204,0,0,0
K00299,ASV0211,0,1.75,0
K00299,ASV0228,0,0,0
K00299,ASV0229,0,0,0
K00299,ASV0233,0,0,0
K00299,ASV0234,0,0,0
K00299,ASV0237,0,0,0
K00299,ASV0241,0,0,0
K00299,ASV0251,0,0.5,0
K00299,ASV0254,0,0,0
K00299,ASV0264,0,0,0
K00299,ASV0282,0,0,0
K00299,ASV0284,0,0,0
K00299,ASV0308,0,0,0
K00299,ASV0353,0,0,0
K00299,ASV0354,0,24.5,0
K00299,ASV0355,0,0,0
K00299,ASV0372,0,0,0
K00299,ASV0378,0,0,0
K00299,ASV0381,0,4.5,0
K00299,ASV0384,0,0,0
K00299,ASV0399,0,0,0
K00299,ASV0402,0,9,0
K00299,ASV0408,0,1,0
K00299,ASV0431,0,0,5.5
K00299,ASV0446,0,0,0
K00299,ASV0452,349,17.5,299.5
K00299,ASV0461,0,0,0
K00299,ASV0473,8,85,8.5
K00299,ASV0476,0,0,0
K00299,ASV0480,0,65.5,0
K00299,ASV0487,0,0,0
K00299,ASV0496,0,0,0
K00299,ASV0510,0,0.5,1
K00299,ASV0520,0,0,0
K00299,ASV0535,5057.5,0,295.5
K00299,ASV0561,0,0,0
K00299,ASV0566,0,0,0
K00299,ASV0577,0,0,0
K00299,ASV0596,0,0,0
K00299,ASV0599,0,0.5,0
K00299,ASV0608,5.5,0,9.5
K00299,ASV0622,0,0,0
K00299,ASV0624,0,0,0
K00299,ASV0625,0,0,0
K00299,ASV0631,0,0,0
K00299,ASV0644,0,0,0
K00299,ASV0658,0,0,0
K00299,ASV0668,588,0,2864
K00299,ASV0676,0,0,0
K00299,ASV0680,0,0,0
K00299,ASV0684,0,1.5,0
K00299,ASV0707,0,0,0
K00299,ASV0712,0,0,0
K00299,ASV0719,0,0,0
K00299,ASV0721,0,0,0
K00299,ASV0729,0,0,0
K00299,ASV0736,0,1,0
K00299,ASV0754,0,0,0
K00299,ASV0758,0,0,0
K00299,ASV0772,0,0,0
K00299,ASV0776,1,1.5,0
K00299,ASV0780,0,0,0
K00299,ASV0787,9,9,3
K00299,ASV0788,4.5,0,0
K00299,ASV0795,0,0,0
K00299,ASV0798,0,0,0
K00299,ASV0830,0,0,215.5
K00299,ASV0837,0,2.5,0
K00299,ASV0844,0,0,0
K00299,ASV0860,0,0,0
K00299,ASV0872,594,44,1861
K00299,ASV0877,0,0,0
K00299,ASV0888,0,0,0
K00299,ASV0907,0,0,0
K00299,ASV0910,0,0,0
K00299,ASV0932,0,2,0
K00299,ASV0935,0,0,0
K00299,ASV0944,0,0,0
K00299,ASV0953,15,0,4.5
K00299,ASV0954,0,0,0
K00299,ASV0963,5,0,0
K00299,ASV0967,0,0,0
K00299,ASV0978,0,0,0
K00299,ASV0979,0,0,0
K00299,ASV0980,0,0,0
K00299,ASV0981,0,0,0
K00299,ASV0995,2,9,0
K00299,ASV0996,0,0,0
K00299,ASV1013,0,5,0
K00299,ASV1019,0,0,0
K00299,ASV1023,0,0,0
K00299,ASV1044,0,0,0
K00299,ASV1045,0,0,0
K00299,ASV1046,0,0,0
K00299,ASV1055,0,0,0
K00299,ASV1059,0,0,0
K00299,ASV1074,0,0,0
K00299,ASV1078,0,0,0
K00299,ASV1095,0,1,0
K00299,ASV1129,0,0,0
K00299,ASV1145,822.5,0,792
K00299,ASV1153,0,0,0
K00299,ASV1191,0,3,0
K00299,ASV1204,0,0,0
K00299,ASV1232,0,0,0
K00299,ASV1249,0,0,0
K00299,ASV1253,0,0,0
K00299,ASV1254,0,1.5,0
K00299,ASV1269,0,0.835,0
K00299,ASV1291,0,0,0
K00299,ASV1294,0,1,0
K00299,ASV1309,0,0,0
K00299,ASV1310,0,0,0
K00299,ASV1320,0,0,0
K00299,ASV1326,0,0,0
K00299,ASV1329,0,0,0
K00299,ASV1334,0,0,0
K00299,ASV1347,0,0,0
K00299,ASV1356,0,0,0
K00299,ASV1358,0,1,0
K00299,ASV1361,0,0,0
K00299,ASV1385,0,0,0
K00299,ASV1409,0,0,0
K00299,ASV1418,0,0,0
K00299,ASV1428,0,4,0
K00299,ASV1432,0,0,0
K00299,ASV1435,0,0,0
K00299,ASV1470,0,0.335,0
K00299,ASV1475,0,8,0
K00299,ASV1477,0,0,0
K00299,ASV1482,0,0.495,0
K00299,ASV1491,0,0,0
K00299,ASV1511,0,0,0
K00299,ASV1517,0,0,0
K00299,ASV1520,0,0,0
K00299,ASV1522,0,105,0
K00299,ASV1524,0,0,0
K00299,ASV1534,0,3.5,0
K00299,ASV1544,0,2,0
K00299,ASV1553,0,1.5,0
K00299,ASV1579,0,0,0
K00299,ASV1581,0,0,0
K00299,ASV1616,0,0,0
K00299,ASV1624,0,0,0
K00299,ASV1631,0,0,0
K00299,ASV1640,0,0,0
K00299,ASV1653,0,0,0
K00299,ASV1665,0,0,0
K00299,ASV1679,0,0,0
K00299,ASV1684,63,0,9
K00299,ASV1685,0,0,0
K00299,ASV1687,0,0,0
K00299,ASV1688,1.5,10,1.5
K00299,ASV1701,0,2.5,0
K00299,ASV1717,0,0,0
K00299,ASV1728,0,0,0
K00299,ASV1740,0,0,0
K00299,ASV1744,0,0,0
K00299,ASV1755,0,7.5,0
K00299,ASV1766,408,149.5,302
K00299,ASV1781,0,1,0
K00299,ASV1802,0,0,0
K00299,ASV1805,0,0,0
K00299,ASV1830,0,0,0
K00299,ASV1838,0,0,0
K00299,ASV1848,0,0,0
K00299,ASV1859,0,0,0
K00299,ASV1868,0,0.5,0
K00299,ASV1878,0.33,0,0
K00299,ASV1886,0,0,0
K00299,ASV1887,0,0,0
K00299,ASV1891,0,0,0
K00299,ASV1900,0,0,0
K00299,ASV1927,0,0,0
K00299,ASV1928,0,0,0
K00299,ASV1942,0,0,0
K00299,ASV1947,0,0,0
K00299,ASV1967,0,4.5,0
K00299,ASV1970,0,0,0
K00299,ASV1973,0,0,0
K00299,ASV2016,0,0,0
K00299,ASV2021,0,0,0
K00299,ASV2026,0,0,0
K00299,ASV2030,5.6,0.4,26.2
K00299,ASV2048,0,0,0
K00299,ASV2067,0,0,0
K00299,ASV2079,0,0,0
K00299,ASV2089,0,0,0
K00299,ASV2092,0,7.5,0
K00299,ASV2111,0,0,0
K00299,ASV2130,0,0,0
K00299,ASV2133,0,0,0
K00299,ASV2135,0,6.5,54
K00299,ASV2137,0,0,0
K00299,ASV2151,0,0,0
K00299,ASV2168,0,0,0
K00299,ASV2170,0,0,0
K00299,ASV2185,0,0,0
K00299,ASV2201,0,1.5,0
K00496,ASV0014,0,0,0
K00496,ASV0100,0,0,0
K00496,ASV0153,0,0,1
K00496,ASV0237,0,0,0
K00496,ASV0251,0,0.5,0
K00496,ASV0355,0,0,0
K00496,ASV0372,0,0,0
K00496,ASV0399,0,0,0
K00496,ASV0452,349,17.5,299.5
K00496,ASV0561,0,0,0
K00496,ASV0644,0,0,0
K00496,ASV0687,0,5,0
K00496,ASV0729,0,0,0
K00496,ASV0732,0,0,0
K00496,ASV0795,0,0,0
K00496,ASV0832,46,122,20.5
K00496,ASV0857,0,0,0
K00496,ASV0932,0,1,0
K00496,ASV0978,0,0,0
K00496,ASV0980,0,0,0
K00496,ASV1044,0,0,0
K00496,ASV1045,0,0,0
K00496,ASV1046,0,0,0
K00496,ASV1298,0,0,0
K00496,ASV1326,0,0,0
K00496,ASV1385,0,0,0
K00496,ASV1397,0,0,0
K00496,ASV1523,0,0,0
K00496,ASV1579,0,0,0
K00496,ASV1588,0,0,0
K00496,ASV1653,0,0,0
K00496,ASV1665,0,0,0
K00496,ASV1830,0,0,0
K00496,ASV1913,0,0,0
K00496,ASV1997,0,0,0
K00496,ASV2079,0,0,0
K00496,ASV2103,0,0.5,0
K00496,ASV2154,0,0,0
K00496,ASV2163,0,0,0
K00496,ASV2185,0,0,0
K01560,ASV0001,0,0,0
K01560,ASV0012,0,0.5,0
K01560,ASV0014,0,0,0
K01560,ASV0026,0,0,0
K01560,ASV0034,0,0,0
K01560,ASV0038,0,0,0
K01560,ASV0040,0,7,2
K01560,ASV0043,17,0,1.5
K01560,ASV0051,0,0,0
K01560,ASV0063,0,0,0
K01560,ASV0066,0,0,0
K01560,ASV0069,0,0,0
K01560,ASV0072,0,0,0
K01560,ASV0079,0,0,0
K01560,ASV0082,0,0,0
K01560,ASV0085,0,0,0
K01560,ASV0094,0,3,0
K01560,ASV0108,0,0,0
K01560,ASV0110,0,0,0
K01560,ASV0114,0,0,0
K01560,ASV0116,0,0,0
K01560,ASV0118,2,1,0
K01560,ASV0122,0,1,0
K01560,ASV0133,0,1,0
K01560,ASV0138,0,0,0
K01560,ASV0146,0,0,0
K01560,ASV0149,0,0,0
K01560,ASV0152,0,0,0
K01560,ASV0153,0,0,1
K01560,ASV0160,0,0.5,0
K01560,ASV0182,0,0,0
K01560,ASV0193,0,0,0
K01560,ASV0204,0,0,0
K01560,ASV0211,0,3.5,0
K01560,ASV0218,0,0,0
K01560,ASV0227,0,0,0
K01560,ASV0228,0,0,0
K01560,ASV0231,0,19,0
K01560,ASV0237,0,0,0
K01560,ASV0239,0.5,0,0
K01560,ASV0246,0,1,0
K01560,ASV0250,0,8.665,0
K01560,ASV0251,0,0.5,0
K01560,ASV0255,39.25,3,2.625
K01560,ASV0257,0,0,0
K01560,ASV0262,0,0,0
K01560,ASV0268,0,1.5,0
K01560,ASV0269,0,0,0
K01560,ASV0277,0.5,29.5,0
K01560,ASV0282,0,0,0
K01560,ASV0284,0,0,0
K01560,ASV0286,0,0,0
K01560,ASV0297,0,0,0
K01560,ASV0298,0,0,0
K01560,ASV0317,0,0,0
K01560,ASV0323,0,0,0
K01560,ASV0324,0,0,0
K01560,ASV0325,0,2,1.5
K01560,ASV0326,0,0,0
K01560,ASV0337,0,0,0
K01560,ASV0342,0,1,0
K01560,ASV0350,0,0,0
K01560,ASV0353,0,0,0
K01560,ASV0354,0,24.5,0
K01560,ASV0355,0,0,0
K01560,ASV0369,2.8,137.2,9.8
K01560,ASV0371,0,0,0
K01560,ASV0372,0,0,0
K01560,ASV0373,0,8.5,4.5
K01560,ASV0376,0,1,0
K01560,ASV0378,0,0,0
K01560,ASV0381,0,1.5,0
K01560,ASV0390,0,0,0
K01560,ASV0392,0,2,0
K01560,ASV0396,13,4,11
K01560,ASV0409,0,0,0
K01560,ASV0416,0,1,0
K01560,ASV0423,7,0,4.5
K01560,ASV0429,0,0.5,0
K01560,ASV0431,0,0,11
K01560,ASV0440,0,0.5,0
K01560,ASV0444,0,0,0
K01560,ASV0448,0,0,0
K01560,ASV0452,349,17.5,299.5
K01560,ASV0459,0,0,0
K01560,ASV0460,0,0,0
K01560,ASV0465,113,0,1813
K01560,ASV0468,0,0,0
K01560,ASV0473,16,170,17
K01560,ASV0476,0,0,0
K01560,ASV0477,0,0,0
K01560,ASV0487,0,0,0
K01560,ASV0490,0,0,0
K01560,ASV0496,0,0,0
K01560,ASV0503,0,0,0
K01560,ASV0504,0,0.5,0
K01560,ASV0509,0,5,0
K01560,ASV0510,0,1,2
K01560,ASV0513,0,0,0
K01560,ASV0514,0,0,0
K01560,ASV0519,0,0,0
K01560,ASV0530,0.75,3.25,0
K01560,ASV0532,0,0,0
K01560,ASV0533,0,0,0
K01560,ASV0535,5057.5,0,295.5
K01560,ASV0538,0,0,0
K01560,ASV0555,0,0,0
K01560,ASV0556,0,0,0
K01560,ASV0567,0,0,0
K01560,ASV0577,0,0,0
K01560,ASV0579,0,0,0
K01560,ASV0592,0,2,0
K01560,ASV0596,0,0,0
K01560,ASV0599,0,1,0
K01560,ASV0606,0,10.5,1
K01560,ASV0608,5.5,0,9.5
K01560,ASV0620,2,0,2
K01560,ASV0627,112.5,9,139.5
K01560,ASV0631,0,0,0
K01560,ASV0641,0,0,0
K01560,ASV0654,0,0,0
K01560,ASV0675,0,0,0
K01560,ASV0676,0,0,0
K01560,ASV0681,0,4.5,0
K01560,ASV0687,0,2.5,0
K01560,ASV0694,0,0,0
K01560,ASV0702,0,1,0
K01560,ASV0707,0,0,0
K01560,ASV0721,0,0,0
K01560,ASV0742,0,1,0
K01560,ASV0744,0,0,0
K01560,ASV0745,0,0,0
K01560,ASV0747,0,4,2
K01560,ASV0748,0,0,0
K01560,ASV0754,0,0,0
K01560,ASV0765,0,0,0
K01560,ASV0780,0,0,0
K01560,ASV0784,0,0.25,0
K01560,ASV0788,4.5,0,0
K01560,ASV0790,0,0,0
K01560,ASV0795,0,0,0
K01560,ASV0811,0,0,0
K01560,ASV0821,0,0,0
K01560,ASV0822,0,2.5,0
K01560,ASV0823,0,2.5,0
K01560,ASV0832,46,122,20.5
K01560,ASV0833,180,31,268
K01560,ASV0834,0,0,0
K01560,ASV0835,0,1,0
K01560,ASV0838,0,0.75,0
K01560,ASV0840,0,1.5,0
K01560,ASV0849,0,5,0
K01560,ASV0855,0,0,0
K01560,ASV0860,0,0,0
K01560,ASV0872,594,44,1861
K01560,ASV0875,0,0,0
K01560,ASV0882,0,0,0
K01560,ASV0888,0,0,0
K01560,ASV0921,0,0,0
K01560,ASV0928,2.5,41,1.5
K01560,ASV0932,0,1,0
K01560,ASV0941,4,13,0
K01560,ASV0942,0,0,0
K01560,ASV0944,0,0,0
K01560,ASV0948,0,0,0
K01560,ASV0953,15,0,4.5
K01560,ASV0963,2.5,0,0
K01560,ASV0964,0,0,0
K01560,ASV0965,0,0,0
K01560,ASV0970,0,0,0
K01560,ASV0980,0,0,0
K01560,ASV0981,0,0,0
K01560,ASV0984,0,1,0
K01560,ASV0985,0,0,0
K01560,ASV0992,0,0,0
K01560,ASV1004,0,0,0
K01560,ASV1006,0,0,0
K01560,ASV1017,0,0,0
K01560,ASV1019,0,0,0
K01560,ASV1023,0,0,0
K01560,ASV1029,0,0,0
K01560,ASV1033,0,0,0
K01560,ASV1037,0,2,0
K01560,ASV1044,0,0,0
K01560,ASV1045,0,0,0
K01560,ASV1046,0,0,0
K01560,ASV1051,0,1.5,0
K01560,ASV1059,0,0,0
K01560,ASV1074,0,0,0
K01560,ASV1078,0,0,0
K01560,ASV1081,0,0,0
K01560,ASV1091,0,3,0
K01560,ASV1093,0,0,0
K01560,ASV1096,0,0,0
K01560,ASV1131,2,11,0
K01560,ASV1140,0,0,0
K01560,ASV1144,1,24.5,2
K01560,ASV1145,822.5,0,792
K01560,ASV1147,0,0,0
K01560,ASV1155,0,0,0
K01560,ASV1156,0,0,0
K01560,ASV1157,0,0,0
K01560,ASV1166,0,0,0
K01560,ASV1174,4,0,0
K01560,ASV1185,0,0,0
K01560,ASV1188,0,40,3
K01560,ASV1195,0,0,0
K01560,ASV1204,0,0,0
K01560,ASV1225,0,0,0
K01560,ASV1228,0,0,0
K01560,ASV1230,0,0,0
K01560,ASV1232,0,0,0
K01560,ASV1240,1.5,0,0
K01560,ASV1242,0,0,0
K01560,ASV1244,0,1,0
K01560,ASV1248,0,2.5,0
K01560,ASV1253,0,0,0
K01560,ASV1270,0,0,0
K01560,ASV1271,0,0,0
K01560,ASV1272,0,0,0
K01560,ASV1280,0,2,0
K01560,ASV1285,0,0,0
K01560,ASV1288,0,0,0
K01560,ASV1298,0,0,0
K01560,ASV1301,2,0,5
K01560,ASV1310,0,0,0
K01560,ASV1320,0,0,0
K01560,ASV1326,0,0,0
K01560,ASV1329,0,0,0
K01560,ASV1338,0,0,0
K01560,ASV1347,0,0,0
K01560,ASV1352,0,0,0
K01560,ASV1364,0,6,0
K01560,ASV1369,0,0,0
K01560,ASV1377,0,0,0
K01560,ASV1385,0,0,0
K01560,ASV1388,0,0,0
K01560,ASV1392,0,0,0
K01560,ASV1397,0,0,0
K01560,ASV1415,0,0,0
K01560,ASV1427,0,1.5,0
K01560,ASV1431,11.75,5.75,11
K01560,ASV1432,0,0,0
K01560,ASV1434,0,0,0
K01560,ASV1446,0,0,0
K01560,ASV1453,0,0,0
K01560,ASV1457,0,2.5,0
K01560,ASV1458,0,0,0
K01560,ASV1459,0,0,0
K01560,ASV1460,0,2,0
K01560,ASV1472,9,24,0
K01560,ASV1479,0,0,0
K01560,ASV1480,0,0,0
K01560,ASV1481,0,0,0
K01560,ASV1482,0,0.165,0
K01560,ASV1483,337,104.5,398.5
K01560,ASV1493,0,2,0
K01560,ASV1501,0,0,0
K01560,ASV1502,0,0,0
K01560,ASV1504,0,1.5,0
K01560,ASV1506,0,1,0
K01560,ASV1511,0,0,0
K01560,ASV1513,0,0,0
K01560,ASV1514,0,0,0
K01560,ASV1515,0,0,0
K01560,ASV1517,0,0,0
K01560,ASV1520,0,0,0
K01560,ASV1521,0,0,0
K01560,ASV1522,0,210,0
K01560,ASV1524,0,0,0
K01560,ASV1526,1,0,0
K01560,ASV1527,0,0,0
K01560,ASV1529,0,0,0
K01560,ASV1530,2,3,0
K01560,ASV1534,0,3.5,0
K01560,ASV1537,0,5.75,0
K01560,ASV1544,0,2,0
K01560,ASV1573,0,0,0
K01560,ASV1574,0,0.5,0
K01560,ASV1579,0,0,0
K01560,ASV1583,0,0,0
K01560,ASV1584,0,0,0
K01560,ASV1594,0,0,0
K01560,ASV1602,0,1.25,0.5
K01560,ASV1604,0,7,0
K01560,ASV1605,68,0,0
K01560,ASV1615,0,0,0
K01560,ASV1619,0,0,0
K01560,ASV1624,0,0,0
K01560,ASV1637,0,0,0
K01560,ASV1640,0,0,0
K01560,ASV1652,0,0,0
K01560,ASV1653,0,0,0
K01560,ASV1657,0,19,2
K01560,ASV1660,0,0,0
K01560,ASV1665,0,0,0
K01560,ASV1666,0,0,0
K01560,ASV1679,0,0,0
K01560,ASV1683,0,0,0
K01560,ASV1684,31.5,0,4.5
K01560,ASV1688,1.5,10,1.5
K01560,ASV1692,0,0,0
K01560,ASV1693,0,0,0
K01560,ASV1697,0,0,0
K01560,ASV1699,0,2,0
K01560,ASV1705,0,8.75,0
K01560,ASV1716,0,0,0
K01560,ASV1720,0,0,0
K01560,ASV1722,0,0,0
K01560,ASV1728,0,0,0
K01560,ASV1736,0,0,0
K01560,ASV1740,0,0,0
K01560,ASV1743,0,0,0
K01560,ASV1744,0,0,0
K01560,ASV1756,0,0,0
K01560,ASV1766,408,149.5,302
K01560,ASV1770,0,0,0
K01560,ASV1778,0,0,0
K01560,ASV1780,0,0,0
K01560,ASV1781,0,2,0
K01560,ASV1785,0,2.5,0
K01560,ASV1787,0,0,0
K01560,ASV1802,0,0,0
K01560,ASV1805,0,0,0
K01560,ASV1811,2,1,0
K01560,ASV1819,0,0,0
K01560,ASV1825,0,0,0
K01560,ASV1830,0,0,0
K01560,ASV1831,0,0,0
K01560,ASV1836,0,0,0
K01560,ASV1858,0,0,0
K01560,ASV1859,0,0,0
K01560,ASV1860,0,0,0
K01560,ASV1887,0,0,0
K01560,ASV1890,76,7,151.25
K01560,ASV1891,0,0,0
K01560,ASV1914,0,0,0
K01560,ASV1917,0,10,0
K01560,ASV1927,0,0,0
K01560,ASV1934,0,0,0
K01560,ASV1936,0,0.5,0
K01560,ASV1942,0,0,0
K01560,ASV1947,0,0,0
K01560,ASV1955,0,0,0
K01560,ASV1956,0,0,0
K01560,ASV1959,1.665,0,0
K01560,ASV1960,0,0,0
K01560,ASV1967,0,9,0
K01560,ASV1968,0,0,0
K01560,ASV1973,0,0,0
K01560,ASV1990,6,0,0
K01560,ASV1992,0,0,0
K01560,ASV1993,0,0,0
K01560,ASV1997,0,0,0
K01560,ASV2000,0,0,0
K01560,ASV2004,0,0,0
K01560,ASV2021,0,0,0
K01560,ASV2022,0,0,0
K01560,ASV2030,5.6,0.4,26.2
K01560,ASV2036,0,2.5,0
K01560,ASV2038,0,0,0
K01560,ASV2042,0,5,0
K01560,ASV2053,0,0,0
K01560,ASV2056,0,0,0
K01560,ASV2066,0,0.25,0
K01560,ASV2067,0,0,0
K01560,ASV2077,0,0,0
K01560,ASV2079,0,0,0
K01560,ASV2089,0,0,0
K01560,ASV2092,0,2.5,0
K01560,ASV2093,0,0,0
K01560,ASV2097,0,2,0
K01560,ASV2101,0,0,0
K01560,ASV2103,0,0.5,0
K01560,ASV2105,0,0,0
K01560,ASV2111,0,0,0
K01560,ASV2116,0,0,0
K01560,ASV2125,0,6,0
K01560,ASV2130,0,0,0
K01560,ASV2133,0,0,0
K01560,ASV2141,0,0,0
K01560,ASV2151,0,0,0
K01560,ASV2154,0,0,0
K01560,ASV2165,0,78.5,0
K01560,ASV2167,0,0,0
K01560,ASV2168,0,0,0
K01560,ASV2169,0,0,0
K01560,ASV2174,0,0,0
K01560,ASV2176,0,0,0
K01560,ASV2185,0,0,0
K01560,ASV2187,81,2710,101
K01560,ASV2199,0,0,0
K01560,ASV2201,0,1.5,0
K01561,ASV0001,0,0,0
K01561,ASV0004,0,0,0
K01561,ASV0051,0,0,0
K01561,ASV0066,0,0,0
K01561,ASV0069,0,0,0
K01561,ASV0072,0,0,0
K01561,ASV0079,0,0,0
K01561,ASV0082,0,0,0
K01561,ASV0085,0,0,0
K01561,ASV0114,0,0,0
K01561,ASV0152,0,0,0
K01561,ASV0153,0,0,1
K01561,ASV0160,0,0.5,0
K01561,ASV0204,0,0,0
K01561,ASV0227,0,0,0
K01561,ASV0231,0,9.5,0
K01561,ASV0239,0.5,0,0
K01561,ASV0257,0,0,0
K01561,ASV0262,0,0,0
K01561,ASV0269,0,0,0
K01561,ASV0282,0,0,0
K01561,ASV0284,0,0,0
K01561,ASV0324,0,0,0
K01561,ASV0325,0,2,1.5
K01561,ASV0353,0,0,0
K01561,ASV0354,0,24.5,0
K01561,ASV0355,0,0,0
K01561,ASV0371,0,0,0
K01561,ASV0372,0,0,0
K01561,ASV0390,0,0,0
K01561,ASV0392,0,1,0
K01561,ASV0396,13,4,11
K01561,ASV0399,0,0,0
K01561,ASV0409,0,0,0
K01561,ASV0416,0,0.5,0
K01561,ASV0431,0,0,11
K01561,ASV0444,0,0,0
K01561,ASV0448,0,0,0
K01561,ASV0473,8,85,8.5
K01561,ASV0496,0,0,0
K01561,ASV0503,0,0,0
K01561,ASV0510,0,1,2
K01561,ASV0530,0.75,3.25,0
K01561,ASV0533,0,0,0
K01561,ASV0538,0,0,0
K01561,ASV0556,0,0,0
K01561,ASV0561,0,0,0
K01561,ASV0596,0,0,0
K01561,ASV0599,0,0.5,0
K01561,ASV0606,0,10.5,1
K01561,ASV0627,75,6,93
K01561,ASV0681,0,1.5,0
K01561,ASV0721,0,0,0
K01561,ASV0747,0,2,1
K01561,ASV0780,0,0,0
K01561,ASV0784,0,0.25,0
K01561,ASV0795,0,0,0
K01561,ASV0821,0,0,0
K01561,ASV0823,0,2.5,0
K01561,ASV0835,0,1,0
K01561,ASV0855,0,0,0
K01561,ASV0872,594,44,1861
K01561,ASV0875,0,0,0
K01561,ASV0882,0,0,0
K01561,ASV0948,0,0,0
K01561,ASV0970,0,0,0
K01561,ASV0992,0,0,0
K01561,ASV1006,0,0,0
K01561,ASV1029,0,0,0
K01561,ASV1074,0,0,0
K01561,ASV1081,0,0,0
K01561,ASV1131,1,5.5,0
K01561,ASV1147,0,0,0
K01561,ASV1156,0,0,0
K01561,ASV1166,0,0,0
K01561,ASV1171,0,3778,0
K01561,ASV1174,4,0,0
K01561,ASV1185,0,0,0
K01561,ASV1188,0,20,1.5
K01561,ASV1204,0,0,0
K01561,ASV1222,0,4,0
K01561,ASV1228,0,0,0
K01561,ASV1232,0,0,0
K01561,ASV1240,1.5,0,0
K01561,ASV1244,0,1,0
K01561,ASV1248,0,2.5,0
K01561,ASV1270,0,0,0
K01561,ASV1271,0,0,0
K01561,ASV1272,0,0,0
K01561,ASV1280,0,1,0
K01561,ASV1301,2,0,5
K01561,ASV1303,0,0,0
K01561,ASV1309,0,0,0
K01561,ASV1310,0,0,0
K01561,ASV1320,0,0,0
K01561,ASV1329,0,0,0
K01561,ASV1338,0,0,0
K01561,ASV1364,0,3,0
K01561,ASV1369,0,0,0
K01561,ASV1377,0,0,0
K01561,ASV1385,0,0,0
K01561,ASV1392,0,0,0
K01561,ASV1397,0,0,0
K01561,ASV1432,0,0,0
K01561,ASV1453,0,0,0
K01561,ASV1457,0,2.5,0
K01561,ASV1460,0,2,0
K01561,ASV1470,0,0.335,0
K01561,ASV1472,9,24,0
K01561,ASV1501,0,0,0
K01561,ASV1511,0,0,0
K01561,ASV1513,0,0,0
K01561,ASV1514,0,0,0
K01561,ASV1521,0,0,0
K01561,ASV1522,0,105,0
K01561,ASV1524,0,0,0
K01561,ASV1526,1,0,0
K01561,ASV1537,0,5.75,0
K01561,ASV1568,0,0,0
K01561,ASV1573,0,0,0
K01561,ASV1584,0,0,0
K01561,ASV1588,0,0,0
K01561,ASV1594,0,0,0
K01561,ASV1604,0,3.5,0
K01561,ASV1619,0,0,0
K01561,ASV1652,0,0,0
K01561,ASV1653,0,0,0
K01561,ASV1666,0,0,0
K01561,ASV1679,0,0,0
K01561,ASV1683,0,0,0
K01561,ASV1705,0,8.75,0
K01561,ASV1740,0,0,0
K01561,ASV1744,0,0,0
K01561,ASV1756,0,0,0
K01561,ASV1770,0,0,0
K01561,ASV1780,0,0,0
K01561,ASV1781,0,1,0
K01561,ASV1785,0,2.5,0
K01561,ASV1787,0,0,0
K01561,ASV1805,0,0,0
K01561,ASV1811,2,1,0
K01561,ASV1831,0,0,0
K01561,ASV1836,0,0,0
K01561,ASV1859,0,0,0
K01561,ASV1917,0,5,0
K01561,ASV1936,0,0.5,0
K01561,ASV1942,0,0,0
K01561,ASV1947,0,0,0
K01561,ASV1956,0,0,0
K01561,ASV1965,0,0,1
K01561,ASV1967,0,4.5,0
K01561,ASV1968,0,0,0
K01561,ASV1973,0,0,0
K01561,ASV1990,2,0,0
K01561,ASV2022,0,0,0
K01561,ASV2030,2.8,0.2,13.1
K01561,ASV2038,0,0,0
K01561,ASV2053,0,0,0
K01561,ASV2066,0,0.25,0
K01561,ASV2067,0,0,0
K01561,ASV2079,0,0,0
K01561,ASV2105,0,0,0
K01561,ASV2111,0,0,0
K01561,ASV2151,0,0,0
K01561,ASV2174,0,0,0
K01561,ASV2176,0,0,0
K01561,ASV2185,0,0,0
K01563,ASV0014,0,0,0
K01563,ASV0036,0,0,0
K01563,ASV0052,0,0,0
K01563,ASV0069,0,0,0
K01563,ASV0094,0,3,0
K01563,ASV0100,0,0,0
K01563,ASV0116,0,0,0
K01563,ASV0131,0,2.75,0
K01563,ASV0138,0,0,0
K01563,ASV0182,0,0,0
K01563,ASV0208,0,0,0
K01563,ASV0209,0,0,0
K01563,ASV0211,0,1.75,0
K01563,ASV0246,0,1,0
K01563,ASV0251,0,2,0
K01563,ASV0286,0,0,0
K01563,ASV0288,0,0.335,0
K01563,ASV0291,0,0,0
K01563,ASV0308,0,0,0
K01563,ASV0317,0,0,0
K01563,ASV0378,0,0,0
K01563,ASV0380,0,0,0
K01563,ASV0389,2462.5,551.5,2355
K01563,ASV0406,0,0.835,0
K01563,ASV0422,0,0,0
K01563,ASV0457,0,0,0
K01563,ASV0470,0,0,0
K01563,ASV0487,0,0,0
K01563,ASV0493,0,0,0
K01563,ASV0495,0,0,0
K01563,ASV0504,0,0.5,0
K01563,ASV0519,0,0,0
K01563,ASV0531,0,0,0
K01563,ASV0546,0,5.5,0
K01563,ASV0548,0,0,0
K01563,ASV0560,0,0,0
K01563,ASV0563,0,0,0
K01563,ASV0566,0,0,0
K01563,ASV0576,0,0,0
K01563,ASV0577,0,0,0
K01563,ASV0595,0,0,0
K01563,ASV0597,0,0,0
K01563,ASV0601,0,0,0
K01563,ASV0654,0,0,0
K01563,ASV0657,0,0,0
K01563,ASV0658,0,0,0
K01563,ASV0675,0,0,0
K01563,ASV0680,0,0,0
K01563,ASV0682,0,0,0
K01563,ASV0687,0,5,0
K01563,ASV0699,0,0,0
K01563,ASV0702,0,1,0
K01563,ASV0706,0,0,0
K01563,ASV0727,0,0.335,0
K01563,ASV0732,0,0,0
K01563,ASV0739,0,0,0
K01563,ASV0750,0,0,1
K01563,ASV0770,0,0,0
K01563,ASV0779,0,0,0
K01563,ASV0819,0,0,0
K01563,ASV0822,0,2.5,0
K01563,ASV0827,0,0,0
K01563,ASV0835,0,0.5,0
K01563,ASV0838,0,0.75,0
K01563,ASV0873,0,0,0
K01563,ASV0888,0,0,0
K01563,ASV0910,0,0,0
K01563,ASV0917,0,0,0
K01563,ASV0956,0,0,0
K01563,ASV0964,0,0,0
K01563,ASV0965,0,0,0
K01563,ASV0980,0,0,0
K01563,ASV1002,0,0,0
K01563,ASV1013,0,1,0
K01563,ASV1044,0,0,0
K01563,ASV1045,0,0,0
K01563,ASV1046,0,0,0
K01563,ASV1061,0,0,0
K01563,ASV1092,0,0.335,0
K01563,ASV1095,0,1,0
K01563,ASV1131,1,5.5,0
K01563,ASV1140,0,0,0
K01563,ASV1143,0,0,0
K01563,ASV1153,0,0,0
K01563,ASV1168,0,0,0
K01563,ASV1181,0,0,0
K01563,ASV1227,0,0,0
K01563,ASV1229,0,0,0
K01563,ASV1238,0,0.5,0
K01563,ASV1285,0,0,0
K01563,ASV1294,0,1,0
K01563,ASV1326,0,0,0
K01563,ASV1351,20,1186.5,0
K01563,ASV1354,0,0,0
K01563,ASV1368,25.5,38,1
K01563,ASV1386,0,0,0
K01563,ASV1388,0,0,0
K01563,ASV1397,0,0,0
K01563,ASV1425,0,0,0
K01563,ASV1436,0,0,0
K01563,ASV1442,0,0,0
K01563,ASV1450,0,0.665,0
K01563,ASV1482,0,0.165,0
K01563,ASV1493,0,2,0
K01563,ASV1501,0,0,0
K01563,ASV1503,0,0,0
K01563,ASV1522,0,105,0
K01563,ASV1529,0,0,0
K01563,ASV1534,0,3.5,0
K01563,ASV1535,0,0,0
K01563,ASV1540,0,0,0
K01563,ASV1575,0,0,0
K01563,ASV1579,0,0,0
K01563,ASV1582,0,0.335,0
K01563,ASV1588,0,0,0
K01563,ASV1589,0,30.5,197.75
K01563,ASV1597,0,0,0
K01563,ASV1602,0,1.25,0.5
K01563,ASV1605,34,0,0
K01563,ASV1614,0,0,0
K01563,ASV1624,0,0,0
K01563,ASV1650,0,0,0
K01563,ASV1660,0,0,0
K01563,ASV1665,0,0,0
K01563,ASV1670,0,0,0
K01563,ASV1679,0,0,0
K01563,ASV1723,0,0,0
K01563,ASV1741,0,0,0
K01563,ASV1743,0,0,0
K01563,ASV1744,0,0,0
K01563,ASV1762,0,0,0
K01563,ASV1773,0,0,0
K01563,ASV1798,0,0,0
K01563,ASV1802,0,0,0
K01563,ASV1803,0,0,0
K01563,ASV1811,1,0.5,0
K01563,ASV1823,0,0,0
K01563,ASV1825,0,0,0
K01563,ASV1858,0,0,0
K01563,ASV1886,0,0,0
K01563,ASV1899,0,0,0
K01563,ASV1913,0,0,0
K01563,ASV1916,0,0,0
K01563,ASV1920,0,0,0
K01563,ASV1927,0,0,0
K01563,ASV1945,0,1,0
K01563,ASV1947,0,0,0
K01563,ASV1950,0,0,0
K01563,ASV1955,0,0,0
K01563,ASV1973,0,0,0
K01563,ASV1990,2,0,0
K01563,ASV2000,0,0,0
K01563,ASV2042,0,5,0
K01563,ASV2048,0,0,0
K01563,ASV2051,0,0,0
K01563,ASV2056,0,0,0
K01563,ASV2063,0,0,0
K01563,ASV2077,0,0,0
K01563,ASV2089,0,0,0
K01563,ASV2097,0,2,0
K01563,ASV2107,7.5,7.25,0
K01563,ASV2123,0,0,0
K01563,ASV2125,0,6,0
K01563,ASV2130,0,0,0
K01563,ASV2136,0,0,0
K01563,ASV2141,0,0,0
K01563,ASV2159,0,0.75,0
K01563,ASV2168,0,0,0
K01563,ASV2174,0,0,0
K01563,ASV2193,0,336.5,0
K01563,ASV2201,0,1.5,0
K01617,ASV0014,0,0,0
K01617,ASV0069,0,0,0
K01617,ASV0114,0,0,0
K01617,ASV0204,0,0,0
K01617,ASV0241,0,0,0
K01617,ASV0284,0,0,0
K01617,ASV0372,0,0,0
K01617,ASV0380,0,0,0
K01617,ASV0399,0,0,0
K01617,ASV0448,0,0,0
K01617,ASV0457,0,0,0
K01617,ASV0496,0,0,0
K01617,ASV0532,0,0,0
K01617,ASV0535,5057.5,0,295.5
K01617,ASV0538,0,0,0
K01617,ASV0561,0,0,0
K01617,ASV0592,0,1,0
K01617,ASV0596,0,0,0
K01617,ASV0644,0,0,0
K01617,ASV0724,0,0,0
K01617,ASV0795,0,0,0
K01617,ASV0888,0,0,0
K01617,ASV0932,0,3,0
K01617,ASV0960,0,1,0
K01617,ASV0978,0,0,0
K01617,ASV1013,0,4,0
K01617,ASV1045,0,0,0
K01617,ASV1091,0,1.5,0
K01617,ASV1131,1,5.5,0
K01617,ASV1227,0,0,0
K01617,ASV1320,0,0,0
K01617,ASV1326,0,0,0
K01617,ASV1356,0,0,0
K01617,ASV1392,0,0,0
K01617,ASV1432,0,0,0
K01617,ASV1501,0,0,0
K01617,ASV1522,0,105,0
K01617,ASV1665,0,0,0
K01617,ASV1720,0,0,0
K01617,ASV1756,0,0,0
K01617,ASV1830,0,0,0
K01617,ASV1891,0,0,0
K01617,ASV2030,8.4,0.6,39.3
K01617,ASV2036,0,2.5,0
K01617,ASV2168,0,0,0
K01617,ASV2174,0,0,0
K01865,ASV0076,0,0,0
K01865,ASV0155,0,0,0
K01865,ASV0271,0,0,0
K01865,ASV0365,0,0,0
K01865,ASV1433,0,0,0
K01865,ASV1629,0,0,0
K01865,ASV1644,0,0,0
K01865,ASV1765,0,471,0
K01865,ASV1973,0,0,0
K01865,ASV1990,1,0,0
K01865,ASV2174,0,0,0
K01865,ASV2182,0,0,0
K03382,ASV0353,0,0,0
K03382,ASV0471,0,1,0
K03382,ASV0482,0,0.5,0
K03382,ASV0744,0,0,0
K03382,ASV1175,0,1.25,0
K03382,ASV1318,0,0,0
K03382,ASV1976,0,0,0.5
K04091,ASV0014,0,0,0
K04091,ASV0018,1,10.5,0
K04091,ASV0043,8.5,0,0.75
K04091,ASV0051,0,0,0
K04091,ASV0063,0,0,0
K04091,ASV0069,0,0,0
K04091,ASV0079,0,0,0
K04091,ASV0092,0,0,0
K04091,ASV0114,0,0,0
K04091,ASV0119,0,2,0
K04091,ASV0128,0,5,0
K04091,ASV0138,0,0,0
K04091,ASV0146,0,0,0
K04091,ASV0152,0,0,0
K04091,ASV0153,0,0,2
K04091,ASV0204,0,0,0
K04091,ASV0211,0,7,0
K04091,ASV0227,0,0,0
K04091,ASV0237,0,0,0
K04091,ASV0239,1.5,0,0
K04091,ASV0241,0,0,0
K04091,ASV0246,0,1,0
K04091,ASV0262,0,0,0
K04091,ASV0263,0,0,0
K04091,ASV0264,0,0,0
K04091,ASV0268,0,1.5,0
K04091,ASV0282,0,0,0
K04091,ASV0284,0,0,0
K04091,ASV0325,0,4,3
K04091,ASV0353,0,0,0
K04091,ASV0354,0,49,0
K04091,ASV0355,0,0,0
K04091,ASV0371,0,0,0
K04091,ASV0372,0,0,0
K04091,ASV0378,0,0,0
K04091,ASV0390,0,0,0
K04091,ASV0399,0,0,0
K04091,ASV0402,0,4.5,0
K04091,ASV0422,0,0,0
K04091,ASV0431,0,0,5.5
K04091,ASV0446,0,0,0
K04091,ASV0452,349,17.5,299.5
K04091,ASV0461,0,0,0
K04091,ASV0468,0,0,0
K04091,ASV0473,24,255,25.5
K04091,ASV0476,0,0,0
K04091,ASV0487,0,0,0
K04091,ASV0496,0,0,0
K04091,ASV0503,0,0,0
K04091,ASV0510,0,1.5,3
K04091,ASV0532,0,0,0
K04091,ASV0533,0,0,0
K04091,ASV0546,0,5.5,0
K04091,ASV0556,0,0,0
K04091,ASV0561,0,0,0
K04091,ASV0566,0,0,0
K04091,ASV0577,0,0,0
K04091,ASV0579,0,0,0
K04091,ASV0592,0,2,0
K04091,ASV0596,0,0,0
K04091,ASV0599,0,1,0
K04091,ASV0606,0,21,2
K04091,ASV0608,5.5,0,9.5
K04091,ASV0622,0,0,0
K04091,ASV0625,0,0,0
K04091,ASV0631,0,0,0
K04091,ASV0644,0,0,0
K04091,ASV0675,0,0,0
K04091,ASV0676,0,0,0
K04091,ASV0681,0,4.5,0
K04091,ASV0682,0,0,0
K04091,ASV0687,0,5,0
K04091,ASV0702,0,1,0
K04091,ASV0707,0,0,0
K04091,ASV0721,0,0,0
K04091,ASV0742,0,1,0
K04091,ASV0747,0,2,1
K04091,ASV0754,0,0,0
K04091,ASV0758,0,0,0
K04091,ASV0780,0,0,0
K04091,ASV0784,0,0.75,0
K04091,ASV0788,4.5,0,0
K04091,ASV0795,0,0,0
K04091,ASV0821,0,0,0
K04091,ASV0822,0,2.5,0
K04091,ASV0823,0,5,0
K04091,ASV0835,0,2,0
K04091,ASV0860,0,0,0
K04091,ASV0872,1188,88,3722
K04091,ASV0907,0,0,0
K04091,ASV0932,0,4,0
K04091,ASV0964,0,0,0
K04091,ASV0978,0,0,0
K04091,ASV0979,0,0,0
K04091,ASV0980,0,0,0
K04091,ASV0981,0,0,0
K04091,ASV0992,0,0,0
K04091,ASV0995,2,9,0
K04091,ASV1004,0,0,0
K04091,ASV1006,0,0,0
K04091,ASV1019,0,0,0
K04091,ASV1029,0,0,0
K04091,ASV1045,0,0,0
K04091,ASV1051,0,1.5,0
K04091,ASV1059,0,0,0
K04091,ASV1074,0,0,0
K04091,ASV1078,0,0,0
K04091,ASV1081,0,0,0
K04091,ASV1091,0,1.5,0
K04091,ASV1131,1,5.5,0
K04091,ASV1156,0,0,0
K04091,ASV1166,0,0,0
K04091,ASV1185,0,0,0
K04091,ASV1188,0,20,1.5
K04091,ASV1244,0,2,0
K04091,ASV1269,0,0.835,0
K04091,ASV1272,0,0,0
K04091,ASV1280,0,1,0
K04091,ASV1309,0,0,0
K04091,ASV1310,0,0,0
K04091,ASV1320,0,0,0
K04091,ASV1326,0,0,0
K04091,ASV1329,0,0,0
K04091,ASV1334,0,0,0
K04091,ASV1338,0,0,0
K04091,ASV1356,0,0,0
K04091,ASV1364,0,3,0
K04091,ASV1377,0,0,0
K04091,ASV1385,0,0,0
K04091,ASV1386,0,0,0
K04091,ASV1392,0,0,0
K04091,ASV1397,0,0,0
K04091,ASV1428,0,2,0
K04091,ASV1432,0,0,0
K04091,ASV1453,0,0,0
K04091,ASV1457,0,5,0
K04091,ASV1470,0,0.335,0
K04091,ASV1475,0,4,0
K04091,ASV1477,0,0,0
K04091,ASV1482,0,0.495,0
K04091,ASV1513,0,0,0
K04091,ASV1521,0,0,0
K04091,ASV1522,0,105,0
K04091,ASV1524,0,0,0
K04091,ASV1526,2,0,0
K04091,ASV1529,0,0,0
K04091,ASV1534,0,3.5,0
K04091,ASV1540,0,0,0
K04091,ASV1544,0,2,0
K04091,ASV1568,0,0,0
K04091,ASV1579,0,0,0
K04091,ASV1580,0,0,0
K04091,ASV1588,0,0,0
K04091,ASV1594,0,0,0
K04091,ASV1604,0,3.5,0
K04091,ASV1605,34,0,0
K04091,ASV1616,0,0,0
K04091,ASV1619,0,0,0
K04091,ASV1624,0,0,0
K04091,ASV1631,0,0,0
K04091,ASV1653,0,0,0
K04091,ASV1660,0,0,0
K04091,ASV1665,0,0,0
K04091,ASV1666,0,0,0
K04091,ASV1679,0,0,0
K04091,ASV1683,0,0,0
K04091,ASV1688,1.5,10,1.5
K04091,ASV1705,0,26.25,0
K04091,ASV1720,0,0,0
K04091,ASV1736,0,0,0
K04091,ASV1740,0,0,0
K04091,ASV1744,0,0,0
K04091,ASV1780,0,0,0
K04091,ASV1781,0,2,0
K04091,ASV1785,0,5,0
K04091,ASV1787,0,0,0
K04091,ASV1802,0,0,0
K04091,ASV1805,0,0,0
K04091,ASV1811,4,2,0
K04091,ASV1825,0,0,0
K04091,ASV1829,0,0,0
K04091,ASV1830,0,0,0
K04091,ASV1831,0,0,0
K04091,ASV1836,0,0,0
K04091,ASV1838,0,0,0
K04091,ASV1847,0,0,0
K04091,ASV1856,0,1,0
K04091,ASV1858,0,0,0
K04091,ASV1859,0,0,0
K04091,ASV1891,0,0,0
K04091,ASV1913,0,0,0
K04091,ASV1927,0,0,0
K04091,ASV1942,0,0,0
K04091,ASV1945,0,1,0
K04091,ASV1947,0,0,0
K04091,ASV1955,0,0,0
K04091,ASV1956,0,0,0
K04091,ASV1960,0,0,0
K04091,ASV1967,0,9,0
K04091,ASV1973,0,0,0
K04091,ASV1990,3,0,0
K04091,ASV2021,0,0,0
K04091,ASV2022,0,0,0
K04091,ASV2026,0,0,0
K04091,ASV2030,5.6,0.4,26.2
K04091,ASV2038,0,0,0
K04091,ASV2042,0,5,0
K04091,ASV2053,0,0,0
K04091,ASV2056,0,0,0
K04091,ASV2077,0,0,0
K04091,ASV2079,0,0,0
K04091,ASV2089,0,0,0
K04091,ASV2097,0,2,0
K04091,ASV2111,0,0,0
K04091,ASV2125,0,6,0
K04091,ASV2130,0,0,0
K04091,ASV2133,0,0,0
K04091,ASV2141,0,0,0
K04091,ASV2170,0,0,0
K04091,ASV2174,0,0,0
K04091,ASV2185,0,0,0
K04091,ASV2187,81,2710,101
K04091,ASV2201,0,1.5,0
K04098,ASV0079,0,0,0
K04098,ASV0114,0,0,0
K04098,ASV0204,0,0,0
K04098,ASV0211,0,1.75,0
K04098,ASV0284,0,0,0
K04098,ASV0496,0,0,0
K04098,ASV0510,0,0.5,1
K04098,ASV0599,0,0.5,0
K04098,ASV0627,37.5,3,46.5
K04098,ASV0681,0,1.5,0
K04098,ASV0721,0,0,0
K04098,ASV0835,0,0.5,0
K04098,ASV0855,0,0,0
K04098,ASV0932,0,3,0
K04098,ASV0948,0,0,0
K04098,ASV0978,0,0,0
K04098,ASV0979,0,0,0
K04098,ASV1171,0,1889,0
K04098,ASV1310,0,0,0
K04098,ASV1326,0,0,0
K04098,ASV1392,0,0,0
K04098,ASV1397,0,0,0
K04098,ASV1522,0,105,0
K04098,ASV1666,0,0,0
K04098,ASV1740,0,0,0
K04098,ASV1744,0,0,0
K04098,ASV1756,0,0,0
K04098,ASV1781,0,1,0
K04098,ASV1811,1,0.5,0
K04098,ASV1830,0,0,0
K04098,ASV1927,0,0,0
K04098,ASV1942,0,0,0
K04098,ASV2021,0,0,0
K04098,ASV2030,5.6,0.4,26.2
K04098,ASV2111,0,0,0
K04098,ASV2185,0,0,0
K04099,ASV0079,0,0,0
K04099,ASV0284,0,0,0
K04099,ASV0721,0,0,0
K04099,ASV1310,0,0,0
K04099,ASV1522,0,105,0
K04099,ASV2111,0,0,0
K04100,ASV0079,0,0,0
K04100,ASV0282,0,0,0
K04100,ASV0490,0,0,0
K04100,ASV0834,0,0,0
K04100,ASV0944,0,0,0
K04100,ASV1017,0,0,0
K04100,ASV1023,0,0,0
K04100,ASV1074,0,0,0
K04100,ASV1091,0,3,0
K04100,ASV1171,0,1889,0
K04100,ASV1230,0,0,0
K04100,ASV1232,0,0,0
K04100,ASV1253,0,0,0
K04100,ASV1310,0,0,0
K04100,ASV1356,0,0,0
K04100,ASV1522,0,105,0
K04100,ASV1524,0,0,0
K04100,ASV1544,0,4,0
K04100,ASV1697,0,0,0
K04100,ASV1720,0,0,0
K04100,ASV1756,0,0,0
K04100,ASV1956,0,0,0
K04101,ASV0079,0,0,0
K04101,ASV0153,0,0,1
K04101,ASV0282,0,0,0
K04101,ASV0298,0,0,0
K04101,ASV0490,0,0,0
K04101,ASV0509,0,5,0
K04101,ASV0834,0,0,0
K04101,ASV0944,0,0,0
K04101,ASV1013,0,1,0
K04101,ASV1017,0,0,0
K04101,ASV1023,0,0,0
K04101,ASV1074,0,0,0
K04101,ASV1091,0,3,0
K04101,ASV1171,0,1889,0
K04101,ASV1230,0,0,0
K04101,ASV1232,0,0,0
K04101,ASV1253,0,0,0
K04101,ASV1310,0,0,0
K04101,ASV1320,0,0,0
K04101,ASV1356,0,0,0
K04101,ASV1470,0,0.335,0
K04101,ASV1522,0,105,0
K04101,ASV1524,0,0,0
K04101,ASV1544,0,4,0
K04101,ASV1697,0,0,0
K04101,ASV1720,0,0,0
K04101,ASV1728,0,0,0
K04101,ASV1756,0,0,0
K04101,ASV1956,0,0,0
K04105,ASV0503,0,0,0
K04105,ASV0510,0,0.5,1
K04105,ASV0835,0,0.5,0
K04105,ASV1131,1,5.5,0
K04105,ASV1188,0,20,1.5
K04105,ASV1280,0,1,0
K04105,ASV1364,0,3,0
K04105,ASV1501,0,0,0
K04105,ASV1604,0,3.5,0
K04105,ASV1683,0,0,0
K04105,ASV1811,1,0.5,0
K04105,ASV1990,1,0,0
K04105,ASV2022,0,0,0
K04105,ASV2053,0,0,0
K04105,ASV2174,0,0,0
K04109,ASV0110,0,0,0
K04109,ASV0303,0,0,0
K04109,ASV0369,2.8,137.2,9.8
K04109,ASV0921,0,0,0
K04109,ASV1044,0,0,0
K04109,ASV1057,0,1,0
K04116,ASV0110,0,0,0
K04116,ASV0114,0,0,0
K04116,ASV0204,0,0,0
K04116,ASV0255,78.5,6,5.25
K04116,ASV0284,0,0,0
K04116,ASV0369,5.6,274.4,19.6
K04116,ASV0378,0,0,0
K04116,ASV0380,0,0,0
K04116,ASV0457,0,0,0
K04116,ASV0487,0,0,0
K04116,ASV0921,0,0,0
K04116,ASV0932,0,4,0
K04116,ASV1227,0,0,0
K04116,ASV1320,0,0,0
K04116,ASV1392,0,0,0
K04116,ASV1534,0,3.5,0
K04116,ASV1588,0,0,0
K04116,ASV2030,2.8,0.2,13.1
K04116,ASV2089,0,0,0
K04116,ASV2130,0,0,0
K04116,ASV2133,0,0,0
K04116,ASV2185,0,0,0
K04116,ASV2201,0,1.5,0
K04117,ASV0110,0,0,0
K04117,ASV0114,0,0,0
K04117,ASV0204,0,0,0
K04117,ASV0255,39.25,3,2.625
K04117,ASV0284,0,0,0
K04117,ASV0369,2.8,137.2,9.8
K04117,ASV0921,0,0,0
K04117,ASV0932,0,1,0
K04117,ASV1320,0,0,0
K04117,ASV1392,0,0,0
K04117,ASV1756,0,0,0
K04117,ASV1830,0,0,0
K04117,ASV2030,2.8,0.2,13.1
K04117,ASV2133,0,0,0
K05797,ASV0016,0,0,0
K05797,ASV0045,0,0,0
K05797,ASV0069,0,0,0
K05797,ASV0079,0,0,0
K05797,ASV0110,0,0,0
K05797,ASV0255,39.25,3,2.625
K05797,ASV0369,11.2,548.8,39.2
K05797,ASV0451,0,0,0
K05797,ASV0472,0,0,0
K05797,ASV0545,0,237,2.75
K05797,ASV0581,0,0,0
K05797,ASV0603,0,0,0
K05797,ASV0619,0,0,0
K05797,ASV0664,0,0.75,0
K05797,ASV0721,0,0,0
K05797,ASV0724,0,0,0
K05797,ASV0749,0,0,0
K05797,ASV0799,0,38.5,0
K05797,ASV0825,0,0,0
K05797,ASV0853,0,0,0
K05797,ASV0921,0,0,0
K05797,ASV0932,0,1,0
K05797,ASV0940,0,0,0
K05797,ASV1007,0,0,0
K05797,ASV1026,0,0,0
K05797,ASV1054,0,0,0
K05797,ASV1091,0,4.5,0
K05797,ASV1122,0,0,0
K05797,ASV1187,0,1,0
K05797,ASV1273,0,0,0
K05797,ASV1292,0,27.5,0
K05797,ASV1310,0,0,0
K05797,ASV1350,0,0,0
K05797,ASV1355,0,0,0
K05797,ASV1356,0,0,0
K05797,ASV1490,0,4,0
K05797,ASV1495,0,0,0
K05797,ASV1610,0,0,0
K05797,ASV1661,0,1,0
K05797,ASV1712,0,0,0
K05797,ASV1720,0,0,0
K05797,ASV1726,0.335,6.33,0
K05797,ASV1777,0,0,0
K05797,ASV1796,0,0,0
K05797,ASV1801,0,0,0
K05797,ASV1904,0,0,0
K05797,ASV1941,0,0,0
K05797,ASV1961,0,0,0
K05797,ASV2086,0,0,0
K05797,ASV2111,0,0,0
K05797,ASV2185,0,0,0
K06199,ASV0001,0,0,0
K06199,ASV0002,11,0,0
K06199,ASV0006,0,0,0
K06199,ASV0011,0,5,0
K06199,ASV0012,0,0.5,0
K06199,ASV0014,0,0,0
K06199,ASV0016,0,0,0
K06199,ASV0018,1,10.5,0
K06199,ASV0019,0,0,0
K06199,ASV0022,0,0,0
K06199,ASV0023,0,0,0
K06199,ASV0027,0,0,0
K06199,ASV0028,1,20,3
K06199,ASV0031,0,0,0
K06199,ASV0033,0,0,0
K06199,ASV0034,0,0,0
K06199,ASV0036,0,0,0
K06199,ASV0038,0,0,0
K06199,ASV0039,0,0,0
K06199,ASV0040,0,3.5,1
K06199,ASV0041,0,0,0
K06199,ASV0042,0,0,0
K06199,ASV0043,8.5,0,0.75
K06199,ASV0045,0,0,0
K06199,ASV0046,0,0,0
K06199,ASV0047,0,10.5,0
K06199,ASV0048,0,0,0
K06199,ASV0049,0,0,0
K06199,ASV0050,0,15,0
K06199,ASV0051,0,0,0
K06199,ASV0052,0,0,0
K06199,ASV0053,0,1,0
K06199,ASV0054,0,19,0
K06199,ASV0055,0,1.5,0
K06199,ASV0056,0,0,0
K06199,ASV0057,0,0,0
K06199,ASV0059,0,0,0
K06199,ASV0060,0,0,0
K06199,ASV0062,0,0,0
K06199,ASV0063,0,0,0
K06199,ASV0064,0,0,0
K06199,ASV0065,0,0,0
K06199,ASV0066,0,0,0
K06199,ASV0068,0,0,0
K06199,ASV0069,0,0,0
K06199,ASV0070,0,0,0
K06199,ASV0071,0,0,0
K06199,ASV0072,0,0,0
K06199,ASV0074,0,0,0
K06199,ASV0076,0,0,0
K06199,ASV0077,0,0,0
K06199,ASV0079,0,0,0
K06199,ASV0082,0,0,0
K06199,ASV0083,0,0,0
K06199,ASV0084,0,0,0
K06199,ASV0085,0,0,0
K06199,ASV0089,0,0,0
K06199,ASV0094,0,3,0
K06199,ASV0095,72.33,0,0
K06199,ASV0096,0,0,0
K06199,ASV0097,3078,0,2948
K06199,ASV0098,0,1,0
K06199,ASV0100,0,0,0
K06199,ASV0102,0,1.5,0
K06199,ASV0103,0,0,0
K06199,ASV0105,0,4.5,0
K06199,ASV0108,0,0,0
K06199,ASV0109,0,0,0
K06199,ASV0110,0,0,0
K06199,ASV0112,0,0,0
K06199,ASV0114,0,0,0
K06199,ASV0115,0,0,0
K06199,ASV0116,0,0,0
K06199,ASV0117,0,0,0
K06199,ASV0118,1,0.5,0
K06199,ASV0119,0,1,0
K06199,ASV0121,2,49,4
K06199,ASV0122,0,1,0
K06199,ASV0123,0,83,0
K06199,ASV0124,0,0,0
K06199,ASV0126,0,0,0
K06199,ASV0128,0,5,0
K06199,ASV0129,0,0,0
K06199,ASV0131,0,2.75,0
K06199,ASV0132,0,0,0
K06199,ASV0133,0,1,0
K06199,ASV0134,0,0,0
K06199,ASV0138,0,0,0
K06199,ASV0143,0,0,0
K06199,ASV0145,0,0,0
K06199,ASV0146,0,0,0
K06199,ASV0149,0,0,0
K06199,ASV0150,0,0,0
K06199,ASV0152,0,0,0
K06199,ASV0153,0,0,2
K06199,ASV0154,0,0,0
K06199,ASV0155,0,0,0
K06199,ASV0158,0,0,0
K06199,ASV0159,0,0,0
K06199,ASV0160,0,0.5,0
K06199,ASV0162,0,0,0
K06199,ASV0164,0,0,0
K06199,ASV0165,0,0,0
K06199,ASV0167,0,0,0
K06199,ASV0168,0,0,0
K06199,ASV0169,0,0,0
K06199,ASV0172,0,0,0
K06199,ASV0173,0,0,0
K06199,ASV0177,0,0,0
K06199,ASV0178,0,0,0
K06199,ASV0179,1227.5,0,0
K06199,ASV0181,0,0,0
K06199,ASV0182,0,0,0
K06199,ASV0186,0,0,0
K06199,ASV0187,0,0,0
K06199,ASV0193,0,0,0
K06199,ASV0194,0,4,0
K06199,ASV0195,0,0,0
K06199,ASV0198,0,0,0
K06199,ASV0200,0,0,0
K06199,ASV0203,0,0,0
K06199,ASV0204,0,0,0
K06199,ASV0205,0,5,0
K06199,ASV0206,0,0,0
K06199,ASV0208,0,0,0
K06199,ASV0209,0,0,0
K06199,ASV0210,0,0,0
K06199,ASV0211,0,3.5,0
K06199,ASV0214,0,2,0
K06199,ASV0215,0,0,0
K06199,ASV0219,0,0,0
K06199,ASV0224,0,0,0
K06199,ASV0225,0,0,0
K06199,ASV0226,0,0,0
K06199,ASV0227,0,0,0
K06199,ASV0228,0,0,0
K06199,ASV0229,0,0,0
K06199,ASV0231,0,9.5,0
K06199,ASV0232,0,0,0
K06199,ASV0233,0,0,0
K06199,ASV0235,0,0,0
K06199,ASV0236,0,0,0
K06199,ASV0237,0,0,0
K06199,ASV0239,0.5,0,0
K06199,ASV0241,0,0,0
K06199,ASV0242,0,0,0
K06199,ASV0243,0,0,0
K06199,ASV0244,0,0,0
K06199,ASV0245,0,0,0
K06199,ASV0246,0,2,0
K06199,ASV0247,0,0,0
K06199,ASV0250,0,8.665,0
K06199,ASV0251,0,1,0
K06199,ASV0252,0,0,0
K06199,ASV0253,0,0,0
K06199,ASV0254,0,0,0
K06199,ASV0255,39.25,3,2.625
K06199,ASV0257,0,0,0
K06199,ASV0258,0,0,0
K06199,ASV0259,0,0,0
K06199,ASV0260,0,1.5,0
K06199,ASV0262,0,0,0
K06199,ASV0263,0,0,0
K06199,ASV0264,0,0,0
K06199,ASV0267,0,0,0
K06199,ASV0268,0,1.5,0
K06199,ASV0269,0,0,0
K06199,ASV0270,0,0,0
K06199,ASV0271,0,0,0
K06199,ASV0273,0,1.5,0
K06199,ASV0275,0,0,0
K06199,ASV0277,0.5,29.5,0
K06199,ASV0278,0,0,0
K06199,ASV0280,0,0,0
K06199,ASV0281,0,1,0
K06199,ASV0282,0,0,0
K06199,ASV0283,0,0,0
K06199,ASV0284,0,0,0
K06199,ASV0287,0,0,0
K06199,ASV0288,0,0.335,0
K06199,ASV0290,0,0,0
K06199,ASV0291,0,0,0
K06199,ASV0294,0,0,0
K06199,ASV0296,0,0,0
K06199,ASV0297,0,0,0
K06199,ASV0298,0,0,0
K06199,ASV0299,0,0,0
K06199,ASV0300,0,0,0
K06199,ASV0302,0,0,0
K06199,ASV0305,0,4,0
K06199,ASV0306,0,0,0
K06199,ASV0308,0,0,0
K06199,ASV0309,0,0,0
K06199,ASV0310,0,0,0
K06199,ASV0311,0,0,0
K06199,ASV0312,0,0,0
K06199,ASV0313,0,0,0
K06199,ASV0316,0,0,0
K06199,ASV0317,0,0,0
K06199,ASV0321,0,0,0
K06199,ASV0322,0,0,0
K06199,ASV0323,0,0,0
K06199,ASV0324,0,0,0
K06199,ASV0325,0,2,1.5
K06199,ASV0328,0,21.5,0
K06199,ASV0330,0,0,0
K06199,ASV0331,0,0,0
K06199,ASV0333,0,0,0
K06199,ASV0334,0,0,0
K06199,ASV0335,0,0,0
K06199,ASV0337,0,0,0
K06199,ASV0338,0,0,0
K06199,ASV0341,0,1,0
K06199,ASV0342,0,0.5,0
K06199,ASV0344,0,0,0
K06199,ASV0347,0,0,0
K06199,ASV0348,0,0,0
K06199,ASV0350,0,0,0
K06199,ASV0351,0,0,0
K06199,ASV0352,0,0,0
K06199,ASV0353,0,0,0
K06199,ASV0354,0,24.5,0
K06199,ASV0355,0,0,0
K06199,ASV0356,0,0,0
K06199,ASV0357,0,0,0
K06199,ASV0361,0,0,1.5
K06199,ASV0363,0,0,0
K06199,ASV0365,0,0,0
K06199,ASV0366,0,0,0
K06199,ASV0369,2.8,137.2,9.8
K06199,ASV0370,0,0,0
K06199,ASV0371,0,0,0
K06199,ASV0372,0,0,0
K06199,ASV0373,0,8.5,4.5
K06199,ASV0375,0,0,0
K06199,ASV0376,0,1,0
K06199,ASV0377,0,2.5,0
K06199,ASV0378,0,0,0
K06199,ASV0379,0,0,0
K06199,ASV0381,0,3,0
K06199,ASV0383,0,0,0
K06199,ASV0385,0,0,0
K06199,ASV0387,0,0,0
K06199,ASV0388,0,0,0
K06199,ASV0389,2462.5,551.5,2355
K06199,ASV0390,0,0,0
K06199,ASV0391,0,0,0
K06199,ASV0392,0,1,0
K06199,ASV0393,0,0,0
K06199,ASV0396,6.5,2,5.5
K06199,ASV0398,0,0,0
K06199,ASV0399,0,0,0
K06199,ASV0400,0,0,0
K06199,ASV0401,0,0,0
K06199,ASV0402,0,4.5,0
K06199,ASV0404,0,0,0
K06199,ASV0406,0,0.835,0
K06199,ASV0408,0,2,0
K06199,ASV0409,0,0,0
K06199,ASV0412,0,1,0
K06199,ASV0416,0,0.5,0
K06199,ASV0417,0,0,0
K06199,ASV0422,0,0,0
K06199,ASV0423,7,0,4.5
K06199,ASV0424,0,0,0
K06199,ASV0429,0,0.5,0
K06199,ASV0431,0,0,5.5
K06199,ASV0432,0,0,0
K06199,ASV0435,0,1.5,0
K06199,ASV0436,0,0,0
K06199,ASV0437,0,1.5,0
K06199,ASV0439,0,0,0
K06199,ASV0440,0,0.5,0
K06199,ASV0441,0,0,0
K06199,ASV0443,0,0,0
K06199,ASV0444,0,0,0
K06199,ASV0445,0,0,0
K06199,ASV0446,0,0,0
K06199,ASV0448,0,0,0
K06199,ASV0450,0,2.5,0
K06199,ASV0451,0,0,0
K06199,ASV0452,349,17.5,299.5
K06199,ASV0454,0,0,0
K06199,ASV0455,0,0,0
K06199,ASV0456,0,0,0
K06199,ASV0459,0,0,0
K06199,ASV0460,0,0,0
K06199,ASV0461,0,0,0
K06199,ASV0464,0,0,0
K06199,ASV0465,56.5,0,906.5
K06199,ASV0467,0,0,0
K06199,ASV0468,0,0,0
K06199,ASV0469,0,1,0
K06199,ASV0470,0,0,0
K06199,ASV0472,0,0,0
K06199,ASV0473,8,85,8.5
K06199,ASV0475,0,0,0
K06199,ASV0476,0,0,0
K06199,ASV0479,0,1,0
K06199,ASV0481,0,5,0
K06199,ASV0483,0,0,0
K06199,ASV0484,0,0,0
K06199,ASV0486,0,0,0
K06199,ASV0487,0,0,0
K06199,ASV0490,0,0,0
K06199,ASV0492,0,0,0
K06199,ASV0493,0,0,0
K06199,ASV0494,0,0,0
K06199,ASV0495,0,0,0
K06199,ASV0496,0,0,0
K06199,ASV0500,0,0,0
K06199,ASV0501,1,3.5,0
K06199,ASV0503,0,0,0
K06199,ASV0504,0,0.5,0
K06199,ASV0507,0,0,0
K06199,ASV0508,0,0,0
K06199,ASV0509,0,5,0
K06199,ASV0510,0,0.5,1
K06199,ASV0512,0,0,0
K06199,ASV0513,0,0,0
K06199,ASV0514,0,0,0
K06199,ASV0515,0,0,0
K06199,ASV0517,0,0,0
K06199,ASV0518,0,0,0
K06199,ASV0519,0,0,0
K06199,ASV0520,0,0,0
K06199,ASV0521,0,0,0
K06199,ASV0525,0,0,0
K06199,ASV0526,0,0,0
K06199,ASV0527,0,0,0
K06199,ASV0528,0,0,0
K06199,ASV0531,0,0,0
K06199,ASV0532,0,0,0
K06199,ASV0533,0,0,0
K06199,ASV0535,10115,0,591
K06199,ASV0536,0,0,0
K06199,ASV0537,0,0,0
K06199,ASV0538,0,0,0
K06199,ASV0540,0,0,0
K06199,ASV0543,0,0,0
K06199,ASV0544,0,0,0
K06199,ASV0545,0,237,2.75
K06199,ASV0546,0,5.5,0
K06199,ASV0547,0,0,0
K06199,ASV0548,0,0,0
K06199,ASV0550,0,0,0
K06199,ASV0555,0,0,0
K06199,ASV0556,0,0,0
K06199,ASV0557,0,0,0
K06199,ASV0558,0,0,0
K06199,ASV0559,0,0.5,0
K06199,ASV0560,0,0,0
K06199,ASV0561,0,0,0
K06199,ASV0562,0,0,0
K06199,ASV0563,0,0,0
K06199,ASV0566,0,0,0
K06199,ASV0567,0,0,0
K06199,ASV0568,0,0,0
K06199,ASV0570,0,0,0
K06199,ASV0572,0,0,0
K06199,ASV0574,0,5,0
K06199,ASV0576,0,0,0
K06199,ASV0577,0,0,0
K06199,ASV0578,0,0,0
K06199,ASV0579,0,0,0
K06199,ASV0581,0,0,0
K06199,ASV0582,0,4,0
K06199,ASV0583,0,0,0
K06199,ASV0584,0,0,0
K06199,ASV0587,0,0,0
K06199,ASV0591,0,0,0
K06199,ASV0592,0,1,0
K06199,ASV0593,0,0,0
K06199,ASV0595,0,0,0
K06199,ASV0596,0,0,0
K06199,ASV0597,0,0,0
K06199,ASV0599,0,1,0
K06199,ASV0601,0,0,0
K06199,ASV0602,0,0,0
K06199,ASV0603,0,0,0
K06199,ASV0604,0,0,0
K06199,ASV0606,0,10.5,1
K06199,ASV0607,0,0,0
K06199,ASV0608,5.5,0,9.5
K06199,ASV0611,5,0,1.75
K06199,ASV0613,0,0,0
K06199,ASV0617,0,0,0
K06199,ASV0619,0,0,0
K06199,ASV0620,1,0,1
K06199,ASV0622,0,0,0
K06199,ASV0624,0,0,0
K06199,ASV0625,0,0,0
K06199,ASV0626,0,0,0
K06199,ASV0627,37.5,3,46.5
K06199,ASV0631,0,0,0
K06199,ASV0632,0,0,0
K06199,ASV0633,0,0,0
K06199,ASV0635,0,0,0
K06199,ASV0638,0,0,0
K06199,ASV0639,0,0,0
K06199,ASV0640,0,23,1.5
K06199,ASV0641,0,0,0
K06199,ASV0643,0,0,0
K06199,ASV0644,0,0,0
K06199,ASV0645,0,0,0
K06199,ASV0647,0,0,0
K06199,ASV0650,0,0,0
K06199,ASV0652,0,0,0
K06199,ASV0654,0,0,0
K06199,ASV0657,0,0,0
K06199,ASV0658,0,0,0
K06199,ASV0659,0,1,0
K06199,ASV0664,0,0.75,0
K06199,ASV0665,0,5,0
K06199,ASV0666,0,0,0
K06199,ASV0668,588,0,2864
K06199,ASV0670,0,0,0
K06199,ASV0672,0,0,0
K06199,ASV0673,0,0,0
K06199,ASV0674,0,0,0
K06199,ASV0675,0,0,0
K06199,ASV0680,0,0,0
K06199,ASV0681,0,1.5,0
K06199,ASV0682,0,0,0
K06199,ASV0683,0,0,0
K06199,ASV0684,0,1.5,0
K06199,ASV0686,0,1,1
K06199,ASV0687,0,5,0
K06199,ASV0689,0,0,0
K06199,ASV0690,0,0,0
K06199,ASV0693,0,0,0
K06199,ASV0694,0,0,0
K06199,ASV0696,0,0,0
K06199,ASV0697,0,0,0
K06199,ASV0699,0,0,0
K06199,ASV0700,0,0,0
K06199,ASV0702,0,2,0
K06199,ASV0703,0,0,0
K06199,ASV0705,0,0,0
K06199,ASV0706,0,0,0
K06199,ASV0707,0,0,0
K06199,ASV0708,0,0,0
K06199,ASV0710,0,0,0
K06199,ASV0711,0,0,0
K06199,ASV0712,0,0,0
K06199,ASV0713,0,0.5,0
K06199,ASV0714,0,75,2
K06199,ASV0717,1.5,23,2
K06199,ASV0721,0,0,0
K06199,ASV0724,0,0,0
K06199,ASV0725,0,0,0
K06199,ASV0726,0,1,0
K06199,ASV0727,0,0.335,0
K06199,ASV0728,0,0,0
K06199,ASV0729,0,0,0
K06199,ASV0730,0,0,0
K06199,ASV0731,0,1,0
K06199,ASV0732,0,0,0
K06199,ASV0736,0,2,0
K06199,ASV0737,0,11.5,0
K06199,ASV0739,0,0,0
K06199,ASV0741,0,0,0
K06199,ASV0742,0,1,0
K06199,ASV0743,0,0,0
K06199,ASV0744,0,0,0
K06199,ASV0745,0,0,0
K06199,ASV0747,0,2,1
K06199,ASV0748,0,0,0
K06199,ASV0749,0,0,0
K06199,ASV0750,0,0,1
K06199,ASV0752,0,2,0
K06199,ASV0754,0,0,0
K06199,ASV0757,0,0,0
K06199,ASV0758,0,0,0
K06199,ASV0759,0,0,0
K06199,ASV0761,0,0,0
K06199,ASV0765,0,0,0
K06199,ASV0766,0,1.5,0
K06199,ASV0768,0,0,0
K06199,ASV0769,0,0,0
K06199,ASV0770,0,0,0
K06199,ASV0773,0,0,0
K06199,ASV0776,1,1.5,0
K06199,ASV0777,0,0,0
K06199,ASV0778,0,1.67,0
K06199,ASV0779,0,0,0
K06199,ASV0780,0,0,0
K06199,ASV0781,0,0,0
K06199,ASV0783,0,0,0
K06199,ASV0784,0,0.25,0
K06199,ASV0785,0,0,0
K06199,ASV0787,18,18,6
K06199,ASV0788,9,0,0
K06199,ASV0789,1.5,5,0
K06199,ASV0791,0,0,0
K06199,ASV0794,0,0,0
K06199,ASV0795,0,0,0
K06199,ASV0796,0,0,0
K06199,ASV0797,0,0,0
K06199,ASV0798,0,0,0
K06199,ASV0799,0,38.5,0
K06199,ASV0805,0,0,0
K06199,ASV0806,0,4,1
K06199,ASV0808,0,0,0
K06199,ASV0813,0,0,0
K06199,ASV0814,22,0,0
K06199,ASV0815,0,2.5,1
K06199,ASV0816,0,0,0
K06199,ASV0817,0,0,0
K06199,ASV0819,0,0,0
K06199,ASV0821,0,0,0
K06199,ASV0822,0,5,0
K06199,ASV0823,0,2.5,0
K06199,ASV0824,0,0,0
K06199,ASV0825,0,0,0
K06199,ASV0827,0,0,0
K06199,ASV0831,1,14,0
K06199,ASV0832,46,122,20.5
K06199,ASV0833,180,31,268
K06199,ASV0834,0,0,0
K06199,ASV0835,0,1,0
K06199,ASV0836,0,0,0
K06199,ASV0837,0,2.5,0
K06199,ASV0838,0,0.75,0
K06199,ASV0840,0,1.5,0
K06199,ASV0842,0,0,0
K06199,ASV0844,0,0,0
K06199,ASV0847,0,0,0
K06199,ASV0849,0,2.5,0
K06199,ASV0850,0,0,0
K06199,ASV0853,0,0,0
K06199,ASV0854,0,26,0
K06199,ASV0855,0,0,0
K06199,ASV0857,0,0,0
K06199,ASV0858,0,0,0
K06199,ASV0859,0,0,0
K06199,ASV0860,0,0,0
K06199,ASV0862,0,0,0
K06199,ASV0863,0,0,0
K06199,ASV0864,0,0,0
K06199,ASV0866,0,0,0
K06199,ASV0867,0,0,0
K06199,ASV0869,0,0,0
K06199,ASV0872,594,44,1861
K06199,ASV0873,0,0,0
K06199,ASV0874,0,0,0
K06199,ASV0875,0,0,0
K06199,ASV0877,0,0,0
K06199,ASV0882,0,0,0
K06199,ASV0883,0,0,0
K06199,ASV0884,0,0,0
K06199,ASV0888,0,0,0
K06199,ASV0889,0,0,0
K06199,ASV0891,0,0,0
K06199,ASV0892,0,0,0
K06199,ASV0893,0,0,0
K06199,ASV0894,0,0,0
K06199,ASV0895,0,0,1
K06199,ASV0896,0,0,0
K06199,ASV0897,0,0,0
K06199,ASV0898,0,0,0
K06199,ASV0899,0,0,0
K06199,ASV0900,0,0,0
K06199,ASV0903,0,1,0
K06199,ASV0907,0,0,0
K06199,ASV0908,0,0,0
K06199,ASV0909,0,6,0
K06199,ASV0910,0,0,0
K06199,ASV0911,0,0,0
K06199,ASV0913,0,0,0
K06199,ASV0914,0,2,0
K06199,ASV0915,0,0,0
K06199,ASV0916,0,0,0
K06199,ASV0917,0,0,0
K06199,ASV0920,0,0,0
K06199,ASV0921,0,0,0
K06199,ASV0922,0,0,0
K06199,ASV0924,0,0,0
K06199,ASV0927,0,0,0
K06199,ASV0928,2.5,41,1.5
K06199,ASV0933,0,0,0
K06199,ASV0934,0,0,0
K06199,ASV0936,0,0,0
K06199,ASV0937,0,0,0
K06199,ASV0938,0,0,0
K06199,ASV0940,0,0,0
K06199,ASV0941,2,6.5,0
K06199,ASV0942,0,0,0
K06199,ASV0943,0,0,0
K06199,ASV0944,0,0,0
K06199,ASV0945,0,0,0
K06199,ASV0947,0,4.5,0
K06199,ASV0948,0,0,0
K06199,ASV0949,0,0,0
K06199,ASV0950,0,0,0
K06199,ASV0951,0,0,0
K06199,ASV0952,0,0,0
K06199,ASV0953,30,0,9
K06199,ASV0954,0,0,0
K06199,ASV0955,0,2.5,0
K06199,ASV0956,0,0,0
K06199,ASV0958,0,0,0
K06199,ASV0960,0,1,0
K06199,ASV0961,0,0,0
K06199,ASV0962,0,0,0
K06199,ASV0963,5,0,0
K06199,ASV0964,0,0,0
K06199,ASV0965,0,0,0
K06199,ASV0967,0,0,0
K06199,ASV0970,0,0,0
K06199,ASV0971,0,0,0
K06199,ASV0972,0,0,0
K06199,ASV0973,0,0,0
K06199,ASV0974,0,0,0
K06199,ASV0978,0,0,0
K06199,ASV0979,0,0,0
K06199,ASV0980,0,0,0
K06199,ASV0981,0,0,0
K06199,ASV0984,0,1,0
K06199,ASV0989,0,0,0
K06199,ASV0991,0,0,0
K06199,ASV0992,0,0,0
K06199,ASV0993,0,0,0
K06199,ASV0995,1,4.5,0
K06199,ASV0996,0,0,0
K06199,ASV0997,0,0,0
K06199,ASV0998,0,0,0
K06199,ASV1000,0,1,0
K06199,ASV1002,0,0,0
K06199,ASV1003,0,3,0
K06199,ASV1004,0,0,0
K06199,ASV1006,0,0,0
K06199,ASV1007,0,0,0
K06199,ASV1009,0,0,0
K06199,ASV1010,0,0,0
K06199,ASV1012,0,0,0
K06199,ASV1013,0,2,0
K06199,ASV1014,0,0,0
K06199,ASV1015,0,0,0
K06199,ASV1016,0,9,0
K06199,ASV1017,0,0,0
K06199,ASV1018,0,47,0
K06199,ASV1019,0,0,0
K06199,ASV1021,0,0,0
K06199,ASV1023,0,0,0
K06199,ASV1026,0,0,0
K06199,ASV1029,0,0,0
K06199,ASV1030,0,0,0
K06199,ASV1031,0,1,0
K06199,ASV1033,0,0,0
K06199,ASV1034,0,0,0
K06199,ASV1035,0,0,0
K06199,ASV1036,0,3,0
K06199,ASV1037,0,2,0
K06199,ASV1042,0,0,0
K06199,ASV1043,0,0,0
K06199,ASV1044,0,0,0
K06199,ASV1045,0,0,0
K06199,ASV1046,0,0,0
K06199,ASV1047,0,0,0
K06199,ASV1048,0,0,0
K06199,ASV1050,0,0,0
K06199,ASV1051,0,1.5,0
K06199,ASV1052,0,0,0
K06199,ASV1053,0,0,0
K06199,ASV1054,0,0,0
K06199,ASV1059,0,0,0
K06199,ASV1061,0,0,0
K06199,ASV1062,0,0,0
K06199,ASV1063,0,0,0
K06199,ASV1067,0,0,0
K06199,ASV1068,0,0,0
K06199,ASV1070,0,1.5,0
K06199,ASV1073,0,0,0
K06199,ASV1074,0,0,0
K06199,ASV1075,0,0,0
K06199,ASV1076,0,0,0
K06199,ASV1078,0,0,0
K06199,ASV1079,0,0,0
K06199,ASV1080,0,0,0
K06199,ASV1081,0,0,0
K06199,ASV1083,0,0,0
K06199,ASV1086,0,2.5,0
K06199,ASV1087,0,0,0
K06199,ASV1088,0,0,0
K06199,ASV1089,0,5,0
K06199,ASV1090,0,0,0
K06199,ASV1091,0,1.5,0
K06199,ASV1092,0,0.335,0
K06199,ASV1094,0,0,0
K06199,ASV1095,0,1,0
K06199,ASV1096,0,0,0
K06199,ASV1097,0,0,0
K06199,ASV1098,0,0,0
K06199,ASV1099,0,0.5,0
K06199,ASV1101,0,133.5,0
K06199,ASV1102,0,0,0
K06199,ASV1104,0,19.5,0
K06199,ASV1105,0,0,0
K06199,ASV1107,0,0,0
K06199,ASV1108,0,1,0
K06199,ASV1115,0,0,0
K06199,ASV1117,0,0,0
K06199,ASV1119,0,0,0
K06199,ASV1120,0,1,0
K06199,ASV1122,0,0,0
K06199,ASV1123,0,0,0
K06199,ASV1125,0,0,0
K06199,ASV1126,0,0,0
K06199,ASV1127,0,0,0
K06199,ASV1128,0,0,0
K06199,ASV1129,0,0,0
K06199,ASV1131,1,5.5,0
K06199,ASV1132,0,0,0
K06199,ASV1133,0,0,0
K06199,ASV1135,0,0,0
K06199,ASV1137,0,0,0
K06199,ASV1138,0,0,0
K06199,ASV1140,0,0,0
K06199,ASV1144,1,24.5,2
K06199,ASV1145,1645,0,1584
K06199,ASV1147,0,0,0
K06199,ASV1148,0,0,0
K06199,ASV1150,0,0,0
K06199,ASV1151,0,0,0
K06199,ASV1153,0,0,0
K06199,ASV1155,0,0,0
K06199,ASV1156,0,0,0
K06199,ASV1157,0,0,0
K06199,ASV1160,0,0,0
K06199,ASV1161,0,0,0
K06199,ASV1164,0,0,0
K06199,ASV1166,0,0,0
K06199,ASV1167,0,0,0
K06199,ASV1168,0,0,0
K06199,ASV1169,0,18,0
K06199,ASV1171,0,1889,0
K06199,ASV1172,0,0,0
K06199,ASV1173,0,0,0
K06199,ASV1174,2,0,0
K06199,ASV1177,0,0,0
K06199,ASV1179,0,0,0
K06199,ASV1180,2.5,104,2.5
K06199,ASV1181,0,0,0
K06199,ASV1182,0,0,0
K06199,ASV1183,0,0,0
K06199,ASV1185,0,0,0
K06199,ASV1187,0,1,0
K06199,ASV1188,0,20,1.5
K06199,ASV1189,0,0,0
K06199,ASV1190,0,0,0
K06199,ASV1191,0,3,0
K06199,ASV1192,0,0,0
K06199,ASV1193,0,0,0
K06199,ASV1194,0,0,0
K06199,ASV1195,0,0,0
K06199,ASV1199,0,0,0
K06199,ASV1200,0,0,0
K06199,ASV1201,0,0,0
K06199,ASV1202,0,0,0
K06199,ASV1203,0,0,0
K06199,ASV1204,0,0,0
K06199,ASV1205,0,0,0
K06199,ASV1209,0,0,0
K06199,ASV1214,0,1,0
K06199,ASV1215,0,0,0
K06199,ASV1216,0,0,0
K06199,ASV1217,0,0,0
K06199,ASV1218,0,0,0
K06199,ASV1219,0,0,0
K06199,ASV1220,0,0,0
K06199,ASV1223,0,0.25,0
K06199,ASV1224,0,31,0
K06199,ASV1225,0,0,0
K06199,ASV1228,0,0,0
K06199,ASV1229,0,0,0
K06199,ASV1230,0,0,0
K06199,ASV1231,0,0,0
K06199,ASV1232,0,0,0
K06199,ASV1233,0,0,0
K06199,ASV1234,0,0,0
K06199,ASV1235,0,0,0
K06199,ASV1237,0,0,0
K06199,ASV1238,0,0.5,0
K06199,ASV1239,0,0,0
K06199,ASV1240,1.5,0,0
K06199,ASV1242,0,0,0
K06199,ASV1243,0,0,0
K06199,ASV1244,0,1,0
K06199,ASV1245,0,0,0
K06199,ASV1248,0,2.5,0
K06199,ASV1249,0,0,0
K06199,ASV1251,0,0,0
K06199,ASV1253,0,0,0
K06199,ASV1254,0,1.5,0
K06199,ASV1255,0,0,0
K06199,ASV1257,0,0,0
K06199,ASV1258,0,0,0
K06199,ASV1260,0,0,0
K06199,ASV1261,0,0,0
K06199,ASV1265,0,0,0
K06199,ASV1266,0,0,0
K06199,ASV1267,0,0,0
K06199,ASV1268,0,2,0
K06199,ASV1269,0,1.67,0
K06199,ASV1270,0,0,0
K06199,ASV1271,0,0,0
K06199,ASV1272,0,0,0
K06199,ASV1273,0,0,0
K06199,ASV1275,0,0,0
K06199,ASV1276,0,4,0
K06199,ASV1277,0,1.5,0
K06199,ASV1278,0,0,0
K06199,ASV1280,0,1,0
K06199,ASV1281,0,0,0
K06199,ASV1284,0,0,0
K06199,ASV1285,0,0,0
K06199,ASV1286,0,14,2
K06199,ASV1287,0,0,0
K06199,ASV1288,0,0,0
K06199,ASV1291,0,0,0
K06199,ASV1292,0,27.5,0
K06199,ASV1293,0,0,0
K06199,ASV1294,0,1,0
K06199,ASV1295,0,0,0
K06199,ASV1296,0,0,0
K06199,ASV1299,0,0.5,0
K06199,ASV1300,1,0.5,1.5
K06199,ASV1301,1,0,2.5
K06199,ASV1303,0,0,0
K06199,ASV1304,0,0,0
K06199,ASV1305,0,0,0
K06199,ASV1306,0,0,0
K06199,ASV1308,0,0,0
K06199,ASV1309,0,0,0
K06199,ASV1310,0,0,0
K06199,ASV1312,4.5,43,1
K06199,ASV1316,0,0,0
K06199,ASV1317,0,23,2
K06199,ASV1320,0,0,0
K06199,ASV1321,0,0.335,0
K06199,ASV1322,0,0,0
K06199,ASV1323,0,0,0
K06199,ASV1326,0,0,0
K06199,ASV1327,0,0,0
K06199,ASV1329,0,0,0
K06199,ASV1333,0,0,0
K06199,ASV1334,0,0,0
K06199,ASV1336,0,9.5,0
K06199,ASV1337,0,0,0
K06199,ASV1338,0,0,0
K06199,ASV1342,0,0,0
K06199,ASV1347,0,0,0
K06199,ASV1350,0,0,0
K06199,ASV1351,20,1186.5,0
K06199,ASV1354,0,0,0
K06199,ASV1355,0,0,0
K06199,ASV1356,0,0,0
K06199,ASV1357,0,0,0
K06199,ASV1361,0,0,0
K06199,ASV1362,0,0,0
K06199,ASV1364,0,3,0
K06199,ASV1366,0,0,0
K06199,ASV1367,0,0,0
K06199,ASV1368,25.5,38,1
K06199,ASV1369,0,0,0
K06199,ASV1372,0,0,0
K06199,ASV1374,0,0.75,0
K06199,ASV1375,0,0,0
K06199,ASV1376,0,0,0
K06199,ASV1377,0,0,0
K06199,ASV1378,0,0,0
K06199,ASV1380,3.5,39,1.5
K06199,ASV1381,0,0,0
K06199,ASV1384,0,0,0
K06199,ASV1385,0,0,0
K06199,ASV1386,0,0,0
K06199,ASV1388,0,0,0
K06199,ASV1389,0,1,0
K06199,ASV1390,0,0,0
K06199,ASV1391,0,0,0
K06199,ASV1392,0,0,0
K06199,ASV1393,0,0,0
K06199,ASV1394,0,0,0
K06199,ASV1395,0,0,0
K06199,ASV1396,0,0,0
K06199,ASV1397,0,0,0
K06199,ASV1398,0,1.5,0
K06199,ASV1399,0,150,0
K06199,ASV1401,0,1,0
K06199,ASV1402,0,0,0
K06199,ASV1404,0,1,0
K06199,ASV1406,0,0,0
K06199,ASV1408,0,0,0
K06199,ASV1409,0,0,0
K06199,ASV1410,0,14.5,0
K06199,ASV1411,0,0,0
K06199,ASV1413,0,0,0
K06199,ASV1415,0,0,0
K06199,ASV1416,0,0,0
K06199,ASV1417,0,0,0
K06199,ASV1418,0,0,0
K06199,ASV1419,0,0,0
K06199,ASV1425,0,0,0
K06199,ASV1426,0,4,0
K06199,ASV1427,0,1.5,0
K06199,ASV1428,0,2,0
K06199,ASV1430,0,0,0
K06199,ASV1431,11.75,5.75,11
K06199,ASV1432,0,0,0
K06199,ASV1433,0,0,0
K06199,ASV1434,0,0,0
K06199,ASV1435,0,0,0
K06199,ASV1436,0,0,0
K06199,ASV1437,0,0,0
K06199,ASV1438,0,0,0
K06199,ASV1443,0,0,0
K06199,ASV1445,0,0,0
K06199,ASV1446,0,0,0
K06199,ASV1447,0,0,0
K06199,ASV1448,0,108,0
K06199,ASV1449,0,0,0
K06199,ASV1450,0,0.665,0
K06199,ASV1453,0,0,0
K06199,ASV1456,0,0,0
K06199,ASV1457,0,2.5,0
K06199,ASV1458,0,0,0
K06199,ASV1459,0,0,0
K06199,ASV1460,0,2,0
K06199,ASV1461,0,0,0
K06199,ASV1462,0,0,0
K06199,ASV1463,0,4.5,0
K06199,ASV1464,0,0,0
K06199,ASV1466,0,0,0
K06199,ASV1468,0,1,1
K06199,ASV1469,0,0,0
K06199,ASV1470,0,0.67,0
K06199,ASV1472,4.5,12,0
K06199,ASV1475,0,4,0
K06199,ASV1477,0,0,0
K06199,ASV1479,0,0,0
K06199,ASV1480,0,0,0
K06199,ASV1481,0,0,0
K06199,ASV1482,0,0.495,0
K06199,ASV1483,337,104.5,398.5
K06199,ASV1484,0,0,0
K06199,ASV1488,0,0,0
K06199,ASV1490,0,4,0
K06199,ASV1493,0,2,0
K06199,ASV1495,0,0,0
K06199,ASV1496,0,0,0
K06199,ASV1497,0,4.5,0
K06199,ASV1498,0,0.5,0
K06199,ASV1501,0,0,0
K06199,ASV1502,0,0,0
K06199,ASV1503,0,0,0
K06199,ASV1504,0,1.5,0
K06199,ASV1506,0,1,0
K06199,ASV1509,0,0,0
K06199,ASV1510,0,0,0
K06199,ASV1511,0,0,0
K06199,ASV1513,0,0,0
K06199,ASV1514,0,0,0
K06199,ASV1515,0,0,0
K06199,ASV1517,0,0,0
K06199,ASV1519,0,0,0
K06199,ASV1520,0,0,0
K06199,ASV1521,0,0,0
K06199,ASV1522,0,105,0
K06199,ASV1524,0,0,0
K06199,ASV1525,0,1.5,0
K06199,ASV1526,1,0,0
K06199,ASV1527,0,0,0
K06199,ASV1529,0,0,0
K06199,ASV1530,1,1.5,0
K06199,ASV1534,0,7,0
K06199,ASV1535,0,0,0
K06199,ASV1536,0,0,0
K06199,ASV1537,0,5.75,0
K06199,ASV1539,0,1,0
K06199,ASV1540,0,0,0
K06199,ASV1541,0,0,0
K06199,ASV1542,0,0,0
K06199,ASV1544,0,2,0
K06199,ASV1546,0,0,0
K06199,ASV1547,0,0,0
K06199,ASV1548,0,0,0
K06199,ASV1549,0,0,0
K06199,ASV1550,0,0,0
K06199,ASV1552,0,0,0
K06199,ASV1553,0,1.5,0
K06199,ASV1555,0,0,0
K06199,ASV1558,0,0,0
K06199,ASV1561,0,0,0
K06199,ASV1562,0,0,0
K06199,ASV1565,0,0,0
K06199,ASV1568,0,0,0
K06199,ASV1569,0,0,0
K06199,ASV1571,0,0,0
K06199,ASV1573,0,0,0
K06199,ASV1574,0,0.5,0
K06199,ASV1575,0,0,0
K06199,ASV1579,0,0,0
K06199,ASV1580,0,0,0
K06199,ASV1582,0,0.335,0
K06199,ASV1583,0,0,0
K06199,ASV1584,0,0,0
K06199,ASV1585,0,0,0
K06199,ASV1587,0,0,0
K06199,ASV1588,0,0,0
K06199,ASV1589,0,30.5,197.75
K06199,ASV1590,0,0,0
K06199,ASV1591,0,0,0
K06199,ASV1594,0,0,0
K06199,ASV1595,0,0,0
K06199,ASV1597,0,0,0
K06199,ASV1601,0,0,0
K06199,ASV1602,0,1.25,0.5
K06199,ASV1603,0,0,0
K06199,ASV1604,0,3.5,0
K06199,ASV1605,34,0,0
K06199,ASV1610,0,0,0
K06199,ASV1611,0,0,0
K06199,ASV1614,0,0,0
K06199,ASV1615,0,0,0
K06199,ASV1616,0,0,0
K06199,ASV1619,0,0,0
K06199,ASV1620,0,0,0
K06199,ASV1622,0,0,0
K06199,ASV1623,0,0,0
K06199,ASV1624,0,0,0
K06199,ASV1626,0,2,0
K06199,ASV1628,0,0,0
K06199,ASV1629,0,0,0
K06199,ASV1631,0,0,0
K06199,ASV1637,0,0,0
K06199,ASV1639,0,0,0
K06199,ASV1640,0,0,0
K06199,ASV1641,0,2.5,0
K06199,ASV1642,0,0,0
K06199,ASV1643,0,0,0
K06199,ASV1644,0,0,0
K06199,ASV1647,0,0,0
K06199,ASV1648,0,0,0
K06199,ASV1650,0,0,0
K06199,ASV1651,0,0,0
K06199,ASV1652,0,0,0
K06199,ASV1653,0,0,0
K06199,ASV1654,0,0,0
K06199,ASV1655,0,0,0
K06199,ASV1657,0,9.5,1
K06199,ASV1660,0,0,0
K06199,ASV1661,0,1,0
K06199,ASV1665,0,0,0
K06199,ASV1666,0,0,0
K06199,ASV1667,0,0,0
K06199,ASV1669,0,0,0
K06199,ASV1670,0,0,0
K06199,ASV1671,0,0,0
K06199,ASV1674,0,0,0
K06199,ASV1675,0,4.5,0
K06199,ASV1676,0,17,0
K06199,ASV1677,0,0,0
K06199,ASV1679,0,0,0
K06199,ASV1680,0,0,0
K06199,ASV1682,0,0,0
K06199,ASV1683,0,0,0
K06199,ASV1685,0,0,0
K06199,ASV1686,0,2,0
K06199,ASV1687,0,0,0
K06199,ASV1688,3,20,3
K06199,ASV1689,0,0,0
K06199,ASV1692,0,0,0
K06199,ASV1693,0,0,0
K06199,ASV1696,0,0,0
K06199,ASV1697,0,0,0
K06199,ASV1699,0,2,0
K06199,ASV1701,0,2.5,0
K06199,ASV1703,0,0,0
K06199,ASV1704,0,1.5,0
K06199,ASV1705,0,8.75,0
K06199,ASV1707,0,0,0
K06199,ASV1708,0,0,0
K06199,ASV1709,0,0,0
K06199,ASV1710,0,0,0
K06199,ASV1711,0,0,0
K06199,ASV1712,0,0,0
K06199,ASV1714,0,0,0
K06199,ASV1715,0,0,0
K06199,ASV1716,0,0,0
K06199,ASV1720,0,0,0
K06199,ASV1722,0,0,0
K06199,ASV1723,0,0,0
K06199,ASV1726,0.335,6.33,0
K06199,ASV1728,0,0,0
K06199,ASV1729,0,0,0
K06199,ASV1731,0,0.5,0
K06199,ASV1735,0,0,0
K06199,ASV1736,0,0,0
K06199,ASV1738,0,0,0
K06199,ASV1739,0,0,0
K06199,ASV1740,0,0,0
K06199,ASV1741,0,0,0
K06199,ASV1743,0,0,0
K06199,ASV1744,0,0,0
K06199,ASV1745,0,0,0
K06199,ASV1746,0,2,0.5
K06199,ASV1747,0,0,0
K06199,ASV1748,0,0.5,0
K06199,ASV1749,0,0,0
K06199,ASV1751,0,0,0
K06199,ASV1753,0,0,0
K06199,ASV1755,0,15,0
K06199,ASV1756,0,0,0
K06199,ASV1758,0,0,0
K06199,ASV1760,0,0,0
K06199,ASV1761,0,0,0
K06199,ASV1762,0,0,0
K06199,ASV1763,0,1,1
K06199,ASV1764,0,0,1.5
K06199,ASV1765,0,471,0
K06199,ASV1766,408,149.5,302
K06199,ASV1768,0,0,0
K06199,ASV1770,0,0,0
K06199,ASV1771,0,0,0
K06199,ASV1773,0,0,0
K06199,ASV1774,0,0,0
K06199,ASV1775,0,5.5,0
K06199,ASV1777,0,0,0
K06199,ASV1778,0,0,0
K06199,ASV1779,0,1,0
K06199,ASV1780,0,0,0
K06199,ASV1781,0,2,0
K06199,ASV1782,0,0,0
K06199,ASV1784,0,0,0
K06199,ASV1785,0,2.5,0
K06199,ASV1787,0,0,0
K06199,ASV1788,0,0,0
K06199,ASV1789,0,0,0
K06199,ASV1790,0,1,1.5
K06199,ASV1791,0,0,0
K06199,ASV1793,0,0,0
K06199,ASV1794,0,0,301
K06199,ASV1796,0,0,0
K06199,ASV1797,0,0,0
K06199,ASV1798,0,0,0
K06199,ASV1800,0,0,0
K06199,ASV1801,0,0,0
K06199,ASV1802,0,0,0
K06199,ASV1803,0,0,0
K06199,ASV1804,0,0,0
K06199,ASV1805,0,0,0
K06199,ASV1811,2,1,0
K06199,ASV1812,0,365.5,1
K06199,ASV1813,0,0,0
K06199,ASV1815,0,0,0
K06199,ASV1817,0,0,0
K06199,ASV1819,0,0,0
K06199,ASV1822,0,0,0
K06199,ASV1823,0,0,0
K06199,ASV1824,0,0,0
K06199,ASV1825,0,0,0
K06199,ASV1826,0,0,0
K06199,ASV1829,0,0,0
K06199,ASV1830,0,0,0
K06199,ASV1831,0,0,0
K06199,ASV1833,0,0,0
K06199,ASV1836,0,0,0
K06199,ASV1838,0,0,0
K06199,ASV1840,0,0,0
K06199,ASV1841,0,0,0
K06199,ASV1842,0,0,0
K06199,ASV1846,0,0,0
K06199,ASV1847,0,0,0
K06199,ASV1849,0,0,0
K06199,ASV1850,0,0,0
K06199,ASV1851,0,0,0
K06199,ASV1853,0,0,0
K06199,ASV1854,0,0,0
K06199,ASV1855,0,0,0
K06199,ASV1856,0,1,0
K06199,ASV1858,0,0,0
K06199,ASV1859,0,0,0
K06199,ASV1861,0,0,0
K06199,ASV1862,0,0,0
K06199,ASV1863,0,0,0
K06199,ASV1865,0,0,0
K06199,ASV1866,0,0,0
K06199,ASV1867,0,0,0
K06199,ASV1868,0,1,0
K06199,ASV1870,0,0,0
K06199,ASV1871,0,0,0
K06199,ASV1872,0,0,0
K06199,ASV1876,0,2,0
K06199,ASV1878,0.33,0,0
K06199,ASV1881,0,0,0
K06199,ASV1882,0,0,0
K06199,ASV1883,0,0,550
K06199,ASV1885,0,0,41.5
K06199,ASV1886,0,0,0
K06199,ASV1887,0,0,0
K06199,ASV1888,0,0,0
K06199,ASV1890,76,7,151.25
K06199,ASV1891,0,0,0
K06199,ASV1894,0,7,0
K06199,ASV1896,0,0,0
K06199,ASV1897,0,0,0
K06199,ASV1899,0,0,0
K06199,ASV1901,0,0,0
K06199,ASV1904,0,0,0
K06199,ASV1906,0,0,0
K06199,ASV1907,0,1,0
K06199,ASV1910,0,11,0
K06199,ASV1913,0,0,0
K06199,ASV1914,0,0,0
K06199,ASV1916,0,0,0
K06199,ASV1917,0,5,0
K06199,ASV1919,0,0,0
K06199,ASV1920,0,0,0
K06199,ASV1921,0,0,0
K06199,ASV1922,0,0,0
K06199,ASV1923,0,0,0
K06199,ASV1924,0,0,0
K06199,ASV1926,0,0,0
K06199,ASV1927,0,0,0
K06199,ASV1928,0,0,0
K06199,ASV1930,0,0,0
K06199,ASV1933,0,0,0
K06199,ASV1934,0,0,0
K06199,ASV1935,0,0,0
K06199,ASV1936,0,0.5,0
K06199,ASV1938,0,0,0
K06199,ASV1940,0,0,0
K06199,ASV1941,0,0,0
K06199,ASV1942,0,0,0
K06199,ASV1945,0,1,0
K06199,ASV1950,0,0,0
K06199,ASV1951,0,0,0
K06199,ASV1953,0,0,0
K06199,ASV1955,0,0,0
K06199,ASV1956,0,0,0
K06199,ASV1957,0,5,0
K06199,ASV1958,0,0,0
K06199,ASV1960,0,0,0
K06199,ASV1961,0,0,0
K06199,ASV1963,0,0,0
K06199,ASV1964,0,0,0
K06199,ASV1965,0,0,1
K06199,ASV1967,0,4.5,0
K06199,ASV1968,0,0,0
K06199,ASV1969,0,0,0
K06199,ASV1970,0,0,0
K06199,ASV1971,0,0,0
K06199,ASV1972,0,1,0
K06199,ASV1973,0,0,0
K06199,ASV1974,0,0,0
K06199,ASV1975,0,1,0
K06199,ASV1978,0,0,0
K06199,ASV1979,0,0,0
K06199,ASV1981,0,0,0
K06199,ASV1983,0,0,0
K06199,ASV1987,0,0,0
K06199,ASV1988,0,0,0
K06199,ASV1989,0,0,0
K06199,ASV1990,2,0,0
K06199,ASV1992,0,0,0
K06199,ASV1993,0,0,0
K06199,ASV1994,0,0,0
K06199,ASV1997,0,0,0
K06199,ASV1998,0,0,0
K06199,ASV2000,0,0,0
K06199,ASV2001,0,0,0
K06199,ASV2004,0,0,0
K06199,ASV2007,0,0,0
K06199,ASV2009,0,0,0
K06199,ASV2014,0,0,0
K06199,ASV2016,0,0,0
K06199,ASV2017,0,0,0
K06199,ASV2018,3,203.5,2.5
K06199,ASV2020,0,47.5,0
K06199,ASV2021,0,0,0
K06199,ASV2022,0,0,0
K06199,ASV2023,0,0,0
K06199,ASV2026,0,0,0
K06199,ASV2027,0,0,0
K06199,ASV2029,0,0,0
K06199,ASV2030,2.8,0.2,13.1
K06199,ASV2036,0,5,0
K06199,ASV2038,0,0,0
K06199,ASV2042,0,10,0
K06199,ASV2043,0,0,0
K06199,ASV2044,0,0,0
K06199,ASV2046,0,0,0
K06199,ASV2047,0,0,0
K06199,ASV2048,0,0,0
K06199,ASV2050,0,0,0
K06199,ASV2051,0,0,0
K06199,ASV2053,0,0,0
K06199,ASV2055,0,0,0
K06199,ASV2056,0,0,0
K06199,ASV2059,0,0,0
K06199,ASV2060,9.25,75,6.25
K06199,ASV2063,0,0,0
K06199,ASV2066,0,0.25,0
K06199,ASV2067,0,0,0
K06199,ASV2068,0,0,0
K06199,ASV2069,1,0,0
K06199,ASV2070,0,1.25,0
K06199,ASV2071,0,0,0
K06199,ASV2072,0,0,0
K06199,ASV2075,0,0,0
K06199,ASV2076,0,0,0
K06199,ASV2077,0,0,0
K06199,ASV2078,0,0,0
K06199,ASV2079,0,0,0
K06199,ASV2081,0,0,0
K06199,ASV2083,0,0,0
K06199,ASV2084,0,0,0
K06199,ASV2086,0,0,0
K06199,ASV2087,0,0,0
K06199,ASV2088,0,0,0
K06199,ASV2089,0,0,0
K06199,ASV2091,0,0,0
K06199,ASV2092,0,5,0
K06199,ASV2093,0,0,0
K06199,ASV2094,0,0,0
K06199,ASV2096,0,0,0
K06199,ASV2097,0,4,0
K06199,ASV2099,0,0,0
K06199,ASV2100,0.75,3.75,0
K06199,ASV2101,0,0,0
K06199,ASV2103,0,0.5,0
K06199,ASV2105,0,0,0
K06199,ASV2107,7.5,7.25,0
K06199,ASV2108,0,0,0
K06199,ASV2109,0,10,0
K06199,ASV2110,0,61,0
K06199,ASV2111,0,0,0
K06199,ASV2114,0,0,0
K06199,ASV2116,0,0,0
K06199,ASV2121,0,0,0
K06199,ASV2123,0,0,0
K06199,ASV2125,0,12,0
K06199,ASV2126,0,0,0
K06199,ASV2127,0,0,0
K06199,ASV2128,0,1.5,0
K06199,ASV2129,0,0,0
K06199,ASV2130,0,0,0
K06199,ASV2131,0,0,0
K06199,ASV2132,0,0,0
K06199,ASV2133,0,0,0
K06199,ASV2135,0,13,108
K06199,ASV2136,0,0,0
K06199,ASV2138,0,0,0
K06199,ASV2139,0,0,0
K06199,ASV2140,0,0,0
K06199,ASV2141,0,0,0
K06199,ASV2145,0,0,0
K06199,ASV2146,0,0,0
K06199,ASV2151,0,0,0
K06199,ASV2154,0,0,0
K06199,ASV2155,0,0,0
K06199,ASV2159,0,0.75,0
K06199,ASV2161,0,1,0
K06199,ASV2163,0,0,0
K06199,ASV2164,0,0,0
K06199,ASV2165,0,78.5,0
K06199,ASV2166,0,0,0
K06199,ASV2167,0,0,0
K06199,ASV2168,0,0,0
K06199,ASV2170,0,0,0
K06199,ASV2171,0,0,0
K06199,ASV2172,0,0,0
K06199,ASV2173,0,0,0
K06199,ASV2174,0,0,0
K06199,ASV2175,0,0,0
K06199,ASV2176,0,0,0
K06199,ASV2177,0,0,0
K06199,ASV2179,0,0,0
K06199,ASV2180,0,0,0
K06199,ASV2181,0,0,0
K06199,ASV2182,0,0,0
K06199,ASV2183,0,0,0
K06199,ASV2184,0,0,0
K06199,ASV2185,0,0,0
K06199,ASV2187,40.5,1355,50.5
K06199,ASV2188,0.75,2.75,0
K06199,ASV2189,0,0,0
K06199,ASV2190,0,0,0
K06199,ASV2192,0,0,0
K06199,ASV2193,0,336.5,0
K06199,ASV2195,0,0,0
K06199,ASV2199,0,0,0
K06199,ASV2200,0,0,0
K06199,ASV2201,0,3,0
K06199,ASV2203,0,0,0
K06199,ASV2205,0,0,0
K06199,ASV2206,0,0,0
K07535,ASV0110,0,0,0
K07535,ASV0114,0,0,0
K07535,ASV0204,0,0,0
K07535,ASV0211,0,1.75,0
K07535,ASV0251,0,0.5,0
K07535,ASV0255,78.5,6,5.25
K07535,ASV0284,0,0,0
K07535,ASV0369,5.6,274.4,19.6
K07535,ASV0496,0,0,0
K07535,ASV0599,0,0.5,0
K07535,ASV0788,4.5,0,0
K07535,ASV0921,0,0,0
K07535,ASV0932,0,2,0
K07535,ASV0978,0,0,0
K07535,ASV1013,0,1,0
K07535,ASV1045,0,0,0
K07535,ASV1046,0,0,0
K07535,ASV1326,0,0,0
K07535,ASV1392,0,0,0
K07535,ASV1579,0,0,0
K07535,ASV1588,0,0,0
K07535,ASV1688,1.5,10,1.5
K07535,ASV1740,0,0,0
K07535,ASV1744,0,0,0
K07535,ASV1781,0,1,0
K07535,ASV1913,0,0,0
K07535,ASV1927,0,0,0
K07535,ASV2030,2.8,0.2,13.1
K07535,ASV2133,0,0,0
K07535,ASV2168,0,0,0
K07535,ASV2185,0,0,0
K07536,ASV0110,0,0,0
K07536,ASV0114,0,0,0
K07536,ASV0204,0,0,0
K07536,ASV0255,39.25,3,2.625
K07536,ASV0284,0,0,0
K07536,ASV0369,2.8,137.2,9.8
K07536,ASV0921,0,0,0
K07536,ASV1171,0,1889,0
K07536,ASV1756,0,0,0
K07536,ASV1830,0,0,0
K07536,ASV2030,2.8,0.2,13.1
K07536,ASV2133,0,0,0
K07537,ASV0110,0,0,0
K07537,ASV0255,39.25,3,2.625
K07537,ASV0303,0,0,0
K07537,ASV0369,2.8,137.2,9.8
K07537,ASV0921,0,0,0
K07537,ASV1057,0,1,0
K07537,ASV1635,0,0,0
K07538/K07539,ASV0110,0,0,0
K07538/K07539,ASV0255,39.25,3,2.625
K07538/K07539,ASV0303,0,0,0
K07538/K07539,ASV0369,2.8,137.2,9.8
K07538/K07539,ASV0442,0,0,0
K07538/K07539,ASV0921,0,0,0
K07538/K07539,ASV1057,0,1,0
K07538/K07539,ASV1635,0,0,0
K07544,ASV0110,0,0,0
K07544,ASV0255,39.25,3,2.625
K07544,ASV0369,2.8,137.2,9.8
K07544,ASV0921,0,0,0
K07544,ASV0978,0,0,0
K07544,ASV1013,0,1,0
K07544,ASV1060,0,0,0
K07544,ASV1114,0,0,0
K07544,ASV1232,0,0,0
K07544,ASV1499,0,0,0
K07544,ASV1570,0,0,0
K07544,ASV2010,0,0,0
K10220,ASV0051,0,0,0
K10220,ASV0079,0,0,0
K10220,ASV0146,0,0,0
K10220,ASV0282,0,0,0
K10220,ASV0284,0,0,0
K10220,ASV0490,0,0,0
K10220,ASV0509,0,5,0
K10220,ASV0596,0,0,0
K10220,ASV0608,5.5,0,9.5
K10220,ASV0721,0,0,0
K10220,ASV0834,0,0,0
K10220,ASV0932,0,1,0
K10220,ASV0944,0,0,0
K10220,ASV1013,0,1,0
K10220,ASV1017,0,0,0
K10220,ASV1023,0,0,0
K10220,ASV1074,0,0,0
K10220,ASV1091,0,3,0
K10220,ASV1171,0,1889,0
K10220,ASV1230,0,0,0
K10220,ASV1232,0,0,0
K10220,ASV1268,0,1,0
K10220,ASV1310,0,0,0
K10220,ASV1356,0,0,0
K10220,ASV1415,0,0,0
K10220,ASV1432,0,0,0
K10220,ASV1524,0,0,0
K10220,ASV1544,0,2,0
K10220,ASV1697,0,0,0
K10220,ASV1720,0,0,0
K10220,ASV1728,0,0,0
K10220,ASV1756,0,0,0
K10220,ASV1787,0,0,0
K10220,ASV1859,0,0,0
K10220,ASV1942,0,0,0
K10220,ASV2111,0,0,0
K10220,ASV2185,0,0,0
K10221,ASV0146,0,0,0
K10221,ASV0282,0,0,0
K10221,ASV0284,0,0,0
K10221,ASV0490,0,0,0
K10221,ASV0608,5.5,0,9.5
K10221,ASV0834,0,0,0
K10221,ASV0944,0,0,0
K10221,ASV1017,0,0,0
K10221,ASV1023,0,0,0
K10221,ASV1074,0,0,0
K10221,ASV1091,0,1.5,0
K10221,ASV1171,0,1889,0
K10221,ASV1230,0,0,0
K10221,ASV1232,0,0,0
K10221,ASV1356,0,0,0
K10221,ASV1415,0,0,0
K10221,ASV1524,0,0,0
K10221,ASV1544,0,2,0
K10221,ASV1697,0,0,0
K10221,ASV1720,0,0,0
K10221,ASV1756,0,0,0
K10221,ASV1956,0,0,0
K10221,ASV2185,0,0,0
K15514,ASV0069,0,0,0
K15514,ASV0110,0,0,0
K15514,ASV0114,0,0,0
K15514,ASV0204,0,0,0
K15514,ASV0255,39.25,3,2.625
K15514,ASV0369,2.8,137.2,9.8
K15514,ASV0921,0,0,0
K15514,ASV1230,0,0,0
K15514,ASV1544,0,2,0
K15514,ASV1756,0,0,0
K15514,ASV1942,0,0,0
K15514,ASV2030,2.8,0.2,13.1
K15553,ASV0001,0,0,0
K15553,ASV0006,0,0,0
K15553,ASV0014,0,0,0
K15553,ASV0018,1,10.5,0
K15553,ASV0022,0,0,0
K15553,ASV0031,0,0,0
K15553,ASV0051,0,0,0
K15553,ASV0062,0,0,0
K15553,ASV0063,0,0,0
K15553,ASV0066,0,0,0
K15553,ASV0069,0,0,0
K15553,ASV0070,0,0,0
K15553,ASV0072,0,0,0
K15553,ASV0079,0,0,0
K15553,ASV0082,0,0,0
K15553,ASV0085,0,0,0
K15553,ASV0095,36.165,0,0
K15553,ASV0108,0,0,0
K15553,ASV0114,0,0,0
K15553,ASV0119,0,4,0
K15553,ASV0129,0,0,0
K15553,ASV0146,0,0,0
K15553,ASV0152,0,0,0
K15553,ASV0153,0,0,1
K15553,ASV0160,0,0.5,0
K15553,ASV0204,0,0,0
K15553,ASV0215,0,0,0
K15553,ASV0227,0,0,0
K15553,ASV0228,0,0,0
K15553,ASV0229,0,0,0
K15553,ASV0231,0,9.5,0
K15553,ASV0233,0,0,0
K15553,ASV0237,0,0,0
K15553,ASV0239,0.5,0,0
K15553,ASV0247,0,0,0
K15553,ASV0251,0,0.5,0
K15553,ASV0254,0,0,0
K15553,ASV0257,0,0,0
K15553,ASV0262,0,0,0
K15553,ASV0269,0,0,0
K15553,ASV0282,0,0,0
K15553,ASV0284,0,0,0
K15553,ASV0296,0,0,0
K15553,ASV0297,0,0,0
K15553,ASV0325,0,2,1.5
K15553,ASV0353,0,0,0
K15553,ASV0354,0,73.5,0
K15553,ASV0355,0,0,0
K15553,ASV0371,0,0,0
K15553,ASV0372,0,0,0
K15553,ASV0381,0,3,0
K15553,ASV0387,0,0,0
K15553,ASV0390,0,0,0
K15553,ASV0392,0,1,0
K15553,ASV0396,6.5,2,5.5
K15553,ASV0399,0,0,0
K15553,ASV0402,0,4.5,0
K15553,ASV0409,0,0,0
K15553,ASV0416,0,0.5,0
K15553,ASV0431,0,0,16.5
K15553,ASV0439,0,0,0
K15553,ASV0441,0,0,0
K15553,ASV0444,0,0,0
K15553,ASV0448,0,0,0
K15553,ASV0452,349,17.5,299.5
K15553,ASV0464,0,0,0
K15553,ASV0468,0,0,0
K15553,ASV0473,16,170,17
K15553,ASV0476,0,0,0
K15553,ASV0494,0,0,0
K15553,ASV0496,0,0,0
K15553,ASV0503,0,0,0
K15553,ASV0510,0,1,2
K15553,ASV0513,0,0,0
K15553,ASV0532,0,0,0
K15553,ASV0537,0,0,0
K15553,ASV0538,0,0,0
K15553,ASV0540,0,0,0
K15553,ASV0556,0,0,0
K15553,ASV0561,0,0,0
K15553,ASV0566,0,0,0
K15553,ASV0567,0,0,0
K15553,ASV0579,0,0,0
K15553,ASV0592,0,1,0
K15553,ASV0596,0,0,0
K15553,ASV0606,0,10.5,1
K15553,ASV0608,5.5,0,9.5
K15553,ASV0622,0,0,0
K15553,ASV0627,37.5,3,46.5
K15553,ASV0631,0,0,0
K15553,ASV0638,0,0,0
K15553,ASV0641,0,0,0
K15553,ASV0644,0,0,0
K15553,ASV0668,294,0,1432
K15553,ASV0676,0,0,0
K15553,ASV0681,0,1.5,0
K15553,ASV0687,0,2.5,0
K15553,ASV0693,0,0,0
K15553,ASV0694,0,0,0
K15553,ASV0721,0,0,0
K15553,ASV0744,0,0,0
K15553,ASV0747,0,2,1
K15553,ASV0754,0,0,0
K15553,ASV0758,0,0,0
K15553,ASV0759,0,0,0
K15553,ASV0780,0,0,0
K15553,ASV0784,0,0.25,0
K15553,ASV0788,13.5,0,0
K15553,ASV0795,0,0,0
K15553,ASV0819,0,0,0
K15553,ASV0821,0,0,0
K15553,ASV0823,0,2.5,0
K15553,ASV0830,0,0,215.5
K15553,ASV0833,180,31,268
K15553,ASV0835,0,2,0
K15553,ASV0842,0,0,0
K15553,ASV0844,0,0,0
K15553,ASV0855,0,0,0
K15553,ASV0860,0,0,0
K15553,ASV0872,1782,132,5583
K15553,ASV0875,0,0,0
K15553,ASV0897,0,0,0
K15553,ASV0932,0,1,0
K15553,ASV0941,2,6.5,0
K15553,ASV0942,0,0,0
K15553,ASV0944,0,0,0
K15553,ASV0948,0,0,0
K15553,ASV0954,0,0,0
K15553,ASV0963,2.5,0,0
K15553,ASV0970,0,0,0
K15553,ASV0978,0,0,0
K15553,ASV0979,0,0,0
K15553,ASV0980,0,0,0
K15553,ASV0981,0,0,0
K15553,ASV0992,0,0,0
K15553,ASV0995,4,18,0
K15553,ASV1004,0,0,0
K15553,ASV1006,0,0,0
K15553,ASV1019,0,0,0
K15553,ASV1021,0,0,0
K15553,ASV1023,0,0,0
K15553,ASV1029,0,0,0
K15553,ASV1033,0,0,0
K15553,ASV1045,0,0,0
K15553,ASV1046,0,0,0
K15553,ASV1074,0,0,0
K15553,ASV1081,0,0,0
K15553,ASV1083,0,0,0
K15553,ASV1128,0,0,0
K15553,ASV1131,2,11,0
K15553,ASV1138,0,0,0
K15553,ASV1147,0,0,0
K15553,ASV1156,0,0,0
K15553,ASV1166,0,0,0
K15553,ASV1174,2,0,0
K15553,ASV1185,0,0,0
K15553,ASV1188,0,40,3
K15553,ASV1204,0,0,0
K15553,ASV1228,0,0,0
K15553,ASV1244,0,1,0
K15553,ASV1248,0,2.5,0
K15553,ASV1253,0,0,0
K15553,ASV1268,0,1,0
K15553,ASV1269,0,0.835,0
K15553,ASV1270,0,0,0
K15553,ASV1271,0,0,0
K15553,ASV1272,0,0,0
K15553,ASV1280,0,2,0
K15553,ASV1281,0,0,0
K15553,ASV1301,1,0,2.5
K15553,ASV1303,0,0,0
K15553,ASV1309,0,0,0
K15553,ASV1310,0,0,0
K15553,ASV1320,0,0,0
K15553,ASV1326,0,0,0
K15553,ASV1329,0,0,0
K15553,ASV1334,0,0,0
K15553,ASV1338,0,0,0
K15553,ASV1356,0,0,0
K15553,ASV1361,0,0,0
K15553,ASV1364,0,6,0
K15553,ASV1369,0,0,0
K15553,ASV1378,0,0,0
K15553,ASV1385,0,0,0
K15553,ASV1397,0,0,0
K15553,ASV1409,0,0,0
K15553,ASV1416,0,0,0
K15553,ASV1428,0,1,0
K15553,ASV1432,0,0,0
K15553,ASV1434,0,0,0
K15553,ASV1435,0,0,0
K15553,ASV1453,0,0,0
K15553,ASV1457,0,2.5,0
K15553,ASV1458,0,0,0
K15553,ASV1459,0,0,0
K15553,ASV1460,0,2,0
K15553,ASV1466,0,0,0
K15553,ASV1472,4.5,12,0
K15553,ASV1475,0,2,0
K15553,ASV1482,0,0.33,0
K15553,ASV1483,337,104.5,398.5
K15553,ASV1511,0,0,0
K15553,ASV1513,0,0,0
K15553,ASV1514,0,0,0
K15553,ASV1517,0,0,0
K15553,ASV1520,0,0,0
K15553,ASV1521,0,0,0
K15553,ASV1522,0,525,0
K15553,ASV1524,0,0,0
K15553,ASV1526,1,0,0
K15553,ASV1537,0,5.75,0
K15553,ASV1544,0,4,0
K15553,ASV1547,0,0,0
K15553,ASV1573,0,0,0
K15553,ASV1579,0,0,0
K15553,ASV1583,0,0,0
K15553,ASV1584,0,0,0
K15553,ASV1588,0,0,0
K15553,ASV1594,0,0,0
K15553,ASV1603,0,0,0
K15553,ASV1604,0,7,0
K15553,ASV1616,0,0,0
K15553,ASV1619,0,0,0
K15553,ASV1631,0,0,0
K15553,ASV1637,0,0,0
K15553,ASV1640,0,0,0
K15553,ASV1653,0,0,0
K15553,ASV1665,0,0,0
K15553,ASV1666,0,0,0
K15553,ASV1683,0,0,0
K15553,ASV1684,31.5,0,4.5
K15553,ASV1685,0,0,0
K15553,ASV1686,0,2,0
K15553,ASV1688,4.5,30,4.5
K15553,ASV1693,0,0,0
K15553,ASV1705,0,8.75,0
K15553,ASV1741,0,0,0
K15553,ASV1770,0,0,0
K15553,ASV1780,0,0,0
K15553,ASV1785,0,2.5,0
K15553,ASV1787,0,0,0
K15553,ASV1805,0,0,0
K15553,ASV1811,4,2,0
K15553,ASV1817,0,0,0
K15553,ASV1831,0,0,0
K15553,ASV1836,0,0,0
K15553,ASV1847,0,0,0
K15553,ASV1859,0,0,0
K15553,ASV1878,0.165,0,0
K15553,ASV1891,0,0,0
K15553,ASV1917,0,5,0
K15553,ASV1926,0,0,0
K15553,ASV1936,0,0.5,0
K15553,ASV1938,0,0,0
K15553,ASV1942,0,0,0
K15553,ASV1947,0,0,0
K15553,ASV1956,0,0,0
K15553,ASV1960,0,0,0
K15553,ASV1964,0,0,0
K15553,ASV1965,0,0,1
K15553,ASV1967,0,18,0
K15553,ASV1968,0,0,0
K15553,ASV1970,0,0,0
K15553,ASV1990,3,0,0
K15553,ASV1992,0,0,0
K15553,ASV1993,0,0,0
K15553,ASV2016,0,0,0
K15553,ASV2021,0,0,0
K15553,ASV2022,0,0,0
K15553,ASV2026,0,0,0
K15553,ASV2030,11.2,0.8,52.4
K15553,ASV2036,0,2.5,0
K15553,ASV2038,0,0,0
K15553,ASV2047,0,0,0
K15553,ASV2053,0,0,0
K15553,ASV2066,0,0.25,0
K15553,ASV2068,0,0,0
K15553,ASV2079,0,0,0
K15553,ASV2083,0,0,0
K15553,ASV2092,0,5,0
K15553,ASV2105,0,0,0
K15553,ASV2111,0,0,0
K15553,ASV2133,0,0,0
K15553,ASV2151,0,0,0
K15553,ASV2165,0,78.5,0
K15553,ASV2170,0,0,0
K15553,ASV2174,0,0,0
K15553,ASV2176,0,0,0
K15553,ASV2185,0,0,0
K15553,ASV2187,40.5,1355,50.5
K15554,ASV0001,0,0,0
K15554,ASV0006,0,0,0
K15554,ASV0014,0,0,0
K15554,ASV0018,1,10.5,0
K15554,ASV0022,0,0,0
K15554,ASV0031,0,0,0
K15554,ASV0043,8.5,0,0.75
K15554,ASV0051,0,0,0
K15554,ASV0062,0,0,0
K15554,ASV0063,0,0,0
K15554,ASV0066,0,0,0
K15554,ASV0069,0,0,0
K15554,ASV0070,0,0,0
K15554,ASV0072,0,0,0
K15554,ASV0079,0,0,0
K15554,ASV0082,0,0,0
K15554,ASV0085,0,0,0
K15554,ASV0095,36.165,0,0
K15554,ASV0108,0,0,0
K15554,ASV0114,0,0,0
K15554,ASV0119,0,2,0
K15554,ASV0129,0,0,0
K15554,ASV0146,0,0,0
K15554,ASV0152,0,0,0
K15554,ASV0153,0,0,1
K15554,ASV0160,0,0.5,0
K15554,ASV0204,0,0,0
K15554,ASV0215,0,0,0
K15554,ASV0227,0,0,0
K15554,ASV0228,0,0,0
K15554,ASV0229,0,0,0
K15554,ASV0231,0,9.5,0
K15554,ASV0233,0,0,0
K15554,ASV0239,1,0,0
K15554,ASV0247,0,0,0
K15554,ASV0251,0,0.5,0
K15554,ASV0254,0,0,0
K15554,ASV0257,0,0,0
K15554,ASV0262,0,0,0
K15554,ASV0269,0,0,0
K15554,ASV0282,0,0,0
K15554,ASV0284,0,0,0
K15554,ASV0296,0,0,0
K15554,ASV0297,0,0,0
K15554,ASV0325,0,4,3
K15554,ASV0353,0,0,0
K15554,ASV0354,0,49,0
K15554,ASV0355,0,0,0
K15554,ASV0361,0,0,1.5
K15554,ASV0371,0,0,0
K15554,ASV0372,0,0,0
K15554,ASV0381,0,3,0
K15554,ASV0387,0,0,0
K15554,ASV0390,0,0,0
K15554,ASV0392,0,1,0
K15554,ASV0396,6.5,2,5.5
K15554,ASV0399,0,0,0
K15554,ASV0402,0,4.5,0
K15554,ASV0409,0,0,0
K15554,ASV0416,0,0.5,0
K15554,ASV0431,0,0,16.5
K15554,ASV0439,0,0,0
K15554,ASV0441,0,0,0
K15554,ASV0444,0,0,0
K15554,ASV0448,0,0,0
K15554,ASV0452,349,17.5,299.5
K15554,ASV0464,0,0,0
K15554,ASV0468,0,0,0
K15554,ASV0473,8,85,8.5
K15554,ASV0476,0,0,0
K15554,ASV0494,0,0,0
K15554,ASV0496,0,0,0
K15554,ASV0503,0,0,0
K15554,ASV0513,0,0,0
K15554,ASV0532,0,0,0
K15554,ASV0537,0,0,0
K15554,ASV0538,0,0,0
K15554,ASV0540,0,0,0
K15554,ASV0556,0,0,0
K15554,ASV0561,0,0,0
K15554,ASV0566,0,0,0
K15554,ASV0567,0,0,0
K15554,ASV0579,0,0,0
K15554,ASV0592,0,1,0
K15554,ASV0596,0,0,0
K15554,ASV0606,0,21,2
K15554,ASV0608,5.5,0,9.5
K15554,ASV0622,0,0,0
K15554,ASV0627,37.5,3,46.5
K15554,ASV0631,0,0,0
K15554,ASV0638,0,0,0
K15554,ASV0641,0,0,0
K15554,ASV0644,0,0,0
K15554,ASV0668,294,0,1432
K15554,ASV0676,0,0,0
K15554,ASV0681,0,1.5,0
K15554,ASV0687,0,2.5,0
K15554,ASV0693,0,0,0
K15554,ASV0694,0,0,0
K15554,ASV0721,0,0,0
K15554,ASV0744,0,0,0
K15554,ASV0747,0,2,1
K15554,ASV0754,0,0,0
K15554,ASV0758,0,0,0
K15554,ASV0759,0,0,0
K15554,ASV0780,0,0,0
K15554,ASV0784,0,0.5,0
K15554,ASV0788,13.5,0,0
K15554,ASV0795,0,0,0
K15554,ASV0819,0,0,0
K15554,ASV0821,0,0,0
K15554,ASV0823,0,5,0
K15554,ASV0833,180,31,268
K15554,ASV0835,0,1,0
K15554,ASV0842,0,0,0
K15554,ASV0844,0,0,0
K15554,ASV0855,0,0,0
K15554,ASV0860,0,0,0
K15554,ASV0872,1188,88,3722
K15554,ASV0875,0,0,0
K15554,ASV0896,0,0,0
K15554,ASV0897,0,0,0
K15554,ASV0932,0,1,0
K15554,ASV0941,2,6.5,0
K15554,ASV0942,0,0,0
K15554,ASV0944,0,0,0
K15554,ASV0948,0,0,0
K15554,ASV0954,0,0,0
K15554,ASV0963,2.5,0,0
K15554,ASV0970,0,0,0
K15554,ASV0978,0,0,0
K15554,ASV0979,0,0,0
K15554,ASV0980,0,0,0
K15554,ASV0981,0,0,0
K15554,ASV0992,0,0,0
K15554,ASV0995,2,9,0
K15554,ASV1004,0,0,0
K15554,ASV1006,0,0,0
K15554,ASV1019,0,0,0
K15554,ASV1021,0,0,0
K15554,ASV1023,0,0,0
K15554,ASV1029,0,0,0
K15554,ASV1033,0,0,0
K15554,ASV1045,0,0,0
K15554,ASV1046,0,0,0
K15554,ASV1047,0,0,0
K15554,ASV1074,0,0,0
K15554,ASV1081,0,0,0
K15554,ASV1083,0,0,0
K15554,ASV1117,0,0,0
K15554,ASV1128,0,0,0
K15554,ASV1131,1,5.5,0
K15554,ASV1138,0,0,0
K15554,ASV1147,0,0,0
K15554,ASV1156,0,0,0
K15554,ASV1166,0,0,0
K15554,ASV1174,2,0,0
K15554,ASV1185,0,0,0
K15554,ASV1188,0,20,1.5
K15554,ASV1204,0,0,0
K15554,ASV1228,0,0,0
K15554,ASV1244,0,2,0
K15554,ASV1248,0,2.5,0
K15554,ASV1253,0,0,0
K15554,ASV1268,0,1,0
K15554,ASV1269,0,0.835,0
K15554,ASV1270,0,0,0
K15554,ASV1271,0,0,0
K15554,ASV1272,0,0,0
K15554,ASV1280,0,1,0
K15554,ASV1281,0,0,0
K15554,ASV1298,0,0,0
K15554,ASV1301,1,0,2.5
K15554,ASV1303,0,0,0
K15554,ASV1309,0,0,0
K15554,ASV1310,0,0,0
K15554,ASV1320,0,0,0
K15554,ASV1326,0,0,0
K15554,ASV1329,0,0,0
K15554,ASV1334,0,0,0
K15554,ASV1338,0,0,0
K15554,ASV1356,0,0,0
K15554,ASV1361,0,0,0
K15554,ASV1364,0,3,0
K15554,ASV1369,0,0,0
K15554,ASV1378,0,0,0
K15554,ASV1385,0,0,0
K15554,ASV1397,0,0,0
K15554,ASV1409,0,0,0
K15554,ASV1416,0,0,0
K15554,ASV1428,0,1,0
K15554,ASV1432,0,0,0
K15554,ASV1434,0,0,0
K15554,ASV1435,0,0,0
K15554,ASV1453,0,0,0
K15554,ASV1457,0,5,0
K15554,ASV1458,0,0,0
K15554,ASV1459,0,0,0
K15554,ASV1460,0,2,0
K15554,ASV1466,0,0,0
K15554,ASV1469,0,0,0
K15554,ASV1472,4.5,12,0
K15554,ASV1475,0,2,0
K15554,ASV1482,0,0.33,0
K15554,ASV1483,337,104.5,398.5
K15554,ASV1511,0,0,0
K15554,ASV1513,0,0,0
K15554,ASV1514,0,0,0
K15554,ASV1517,0,0,0
K15554,ASV1520,0,0,0
K15554,ASV1521,0,0,0
K15554,ASV1522,0,315,0
K15554,ASV1524,0,0,0
K15554,ASV1526,2,0,0
K15554,ASV1537,0,5.75,0
K15554,ASV1544,0,2,0
K15554,ASV1547,0,0,0
K15554,ASV1573,0,0,0
K15554,ASV1579,0,0,0
K15554,ASV1583,0,0,0
K15554,ASV1584,0,0,0
K15554,ASV1588,0,0,0
K15554,ASV1594,0,0,0
K15554,ASV1603,0,0,0
K15554,ASV1604,0,3.5,0
K15554,ASV1605,34,0,0
K15554,ASV1616,0,0,0
K15554,ASV1619,0,0,0
K15554,ASV1631,0,0,0
K15554,ASV1637,0,0,0
K15554,ASV1640,0,0,0
K15554,ASV1653,0,0,0
K15554,ASV1665,0,0,0
K15554,ASV1666,0,0,0
K15554,ASV1683,0,0,0
K15554,ASV1684,31.5,0,4.5
K15554,ASV1685,0,0,0
K15554,ASV1686,0,2,0
K15554,ASV1688,4.5,30,4.5
K15554,ASV1693,0,0,0
K15554,ASV1705,0,17.5,0
K15554,ASV1741,0,0,0
K15554,ASV1770,0,0,0
K15554,ASV1780,0,0,0
K15554,ASV1785,0,5,0
K15554,ASV1787,0,0,0
K15554,ASV1805,0,0,0
K15554,ASV1811,2,1,0
K15554,ASV1815,0,0,0
K15554,ASV1817,0,0,0
K15554,ASV1831,0,0,0
K15554,ASV1836,0,0,0
K15554,ASV1859,0,0,0
K15554,ASV1878,0.165,0,0
K15554,ASV1891,0,0,0
K15554,ASV1917,0,5,0
K15554,ASV1926,0,0,0
K15554,ASV1936,0,0.5,0
K15554,ASV1938,0,0,0
K15554,ASV1942,0,0,0
K15554,ASV1947,0,0,0
K15554,ASV1956,0,0,0
K15554,ASV1960,0,0,0
K15554,ASV1964,0,0,0
K15554,ASV1965,0,0,1
K15554,ASV1967,0,9,0
K15554,ASV1968,0,0,0
K15554,ASV1969,0,0,0
K15554,ASV1970,0,0,0
K15554,ASV1973,0,0,0
K15554,ASV1990,1,0,0
K15554,ASV1992,0,0,0
K15554,ASV1993,0,0,0
K15554,ASV2016,0,0,0
K15554,ASV2021,0,0,0
K15554,ASV2022,0,0,0
K15554,ASV2026,0,0,0
K15554,ASV2030,14,1,65.5
K15554,ASV2036,0,2.5,0
K15554,ASV2038,0,0,0
K15554,ASV2047,0,0,0
K15554,ASV2053,0,0,0
K15554,ASV2066,0,0.25,0
K15554,ASV2068,0,0,0
K15554,ASV2069,1,0,0
K15554,ASV2079,0,0,0
K15554,ASV2083,0,0,0
K15554,ASV2092,0,5,0
K15554,ASV2105,0,0,0
K15554,ASV2111,0,0,0
K15554,ASV2133,0,0,0
K15554,ASV2151,0,0,0
K15554,ASV2165,0,78.5,0
K15554,ASV2170,0,0,0
K15554,ASV2174,0,0,0
K15554,ASV2176,0,0,0
K15554,ASV2185,0,0,0
K15554,ASV2187,40.5,1355,50.5
K15554,ASV2200,0,0,0
K15555,ASV0001,0,0,0
K15555,ASV0006,0,0,0
K15555,ASV0014,0,0,0
K15555,ASV0018,1,10.5,0
K15555,ASV0022,0,0,0
K15555,ASV0026,0,0,0
K15555,ASV0031,0,0,0
K15555,ASV0043,8.5,0,0.75
K15555,ASV0051,0,0,0
K15555,ASV0062,0,0,0
K15555,ASV0063,0,0,0
K15555,ASV0066,0,0,0
K15555,ASV0069,0,0,0
K15555,ASV0070,0,0,0
K15555,ASV0072,0,0,0
K15555,ASV0076,0,0,0
K15555,ASV0079,0,0,0
K15555,ASV0082,0,0,0
K15555,ASV0085,0,0,0
K15555,ASV0095,36.165,0,0
K15555,ASV0108,0,0,0
K15555,ASV0114,0,0,0
K15555,ASV0119,0,2,0
K15555,ASV0122,0,1,0
K15555,ASV0129,0,0,0
K15555,ASV0146,0,0,0
K15555,ASV0152,0,0,0
K15555,ASV0153,0,0,1
K15555,ASV0155,0,0,0
K15555,ASV0160,0,0.5,0
K15555,ASV0204,0,0,0
K15555,ASV0211,0,1.75,0
K15555,ASV0215,0,0,0
K15555,ASV0227,0,0,0
K15555,ASV0228,0,0,0
K15555,ASV0229,0,0,0
K15555,ASV0231,0,9.5,0
K15555,ASV0233,0,0,0
K15555,ASV0237,0,0,0
K15555,ASV0239,1,0,0
K15555,ASV0247,0,0,0
K15555,ASV0251,0,0.5,0
K15555,ASV0254,0,0,0
K15555,ASV0257,0,0,0
K15555,ASV0262,0,0,0
K15555,ASV0269,0,0,0
K15555,ASV0271,0,0,0
K15555,ASV0282,0,0,0
K15555,ASV0284,0,0,0
K15555,ASV0296,0,0,0
K15555,ASV0297,0,0,0
K15555,ASV0325,0,2,1.5
K15555,ASV0353,0,0,0
K15555,ASV0354,0,49,0
K15555,ASV0355,0,0,0
K15555,ASV0361,0,0,1.5
K15555,ASV0365,0,0,0
K15555,ASV0371,0,0,0
K15555,ASV0372,0,0,0
K15555,ASV0381,0,3,0
K15555,ASV0387,0,0,0
K15555,ASV0390,0,0,0
K15555,ASV0392,0,1,0
K15555,ASV0396,13,4,11
K15555,ASV0399,0,0,0
K15555,ASV0402,0,4.5,0
K15555,ASV0409,0,0,0
K15555,ASV0416,0,0.5,0
K15555,ASV0431,0,0,22
K15555,ASV0439,0,0,0
K15555,ASV0441,0,0,0
K15555,ASV0444,0,0,0
K15555,ASV0448,0,0,0
K15555,ASV0452,349,17.5,299.5
K15555,ASV0464,0,0,0
K15555,ASV0468,0,0,0
K15555,ASV0473,8,85,8.5
K15555,ASV0476,0,0,0
K15555,ASV0494,0,0,0
K15555,ASV0495,0,0,0
K15555,ASV0496,0,0,0
K15555,ASV0503,0,0,0
K15555,ASV0510,0,0.5,1
K15555,ASV0513,0,0,0
K15555,ASV0532,0,0,0
K15555,ASV0537,0,0,0
K15555,ASV0538,0,0,0
K15555,ASV0540,0,0,0
K15555,ASV0553,0,0,0.5
K15555,ASV0556,0,0,0
K15555,ASV0561,0,0,0
K15555,ASV0566,0,0,0
K15555,ASV0567,0,0,0
K15555,ASV0579,0,0,0
K15555,ASV0592,0,1,0
K15555,ASV0595,0,0,0
K15555,ASV0596,0,0,0
K15555,ASV0606,0,10.5,1
K15555,ASV0608,11,0,19
K15555,ASV0622,0,0,0
K15555,ASV0625,0,0,0
K15555,ASV0627,75,6,93
K15555,ASV0631,0,0,0
K15555,ASV0638,0,0,0
K15555,ASV0641,0,0,0
K15555,ASV0644,0,0,0
K15555,ASV0668,294,0,1432
K15555,ASV0676,0,0,0
K15555,ASV0681,0,1.5,0
K15555,ASV0687,0,2.5,0
K15555,ASV0693,0,0,0
K15555,ASV0694,0,0,0
K15555,ASV0721,0,0,0
K15555,ASV0727,0,0.335,0
K15555,ASV0747,0,2,1
K15555,ASV0754,0,0,0
K15555,ASV0758,0,0,0
K15555,ASV0759,0,0,0
K15555,ASV0780,0,0,0
K15555,ASV0784,0,0.5,0
K15555,ASV0788,13.5,0,0
K15555,ASV0790,0,0,0
K15555,ASV0795,0,0,0
K15555,ASV0798,0,0,0
K15555,ASV0811,0,0,0
K15555,ASV0819,0,0,0
K15555,ASV0821,0,0,0
K15555,ASV0823,0,2.5,0
K15555,ASV0830,0,0,215.5
K15555,ASV0835,0,1.5,0
K15555,ASV0842,0,0,0
K15555,ASV0844,0,0,0
K15555,ASV0855,0,0,0
K15555,ASV0860,0,0,0
K15555,ASV0872,1188,88,3722
K15555,ASV0875,0,0,0
K15555,ASV0896,0,0,0
K15555,ASV0897,0,0,0
K15555,ASV0907,0,0,0
K15555,ASV0932,0,1,0
K15555,ASV0941,2,6.5,0
K15555,ASV0942,0,0,0
K15555,ASV0944,0,0,0
K15555,ASV0948,0,0,0
K15555,ASV0954,0,0,0
K15555,ASV0963,2.5,0,0
K15555,ASV0970,0,0,0
K15555,ASV0978,0,0,0
K15555,ASV0979,0,0,0
K15555,ASV0980,0,0,0
K15555,ASV0981,0,0,0
K15555,ASV0992,0,0,0
K15555,ASV0995,2,9,0
K15555,ASV1004,0,0,0
K15555,ASV1006,0,0,0
K15555,ASV1019,0,0,0
K15555,ASV1021,0,0,0
K15555,ASV1023,0,0,0
K15555,ASV1029,0,0,0
K15555,ASV1033,0,0,0
K15555,ASV1045,0,0,0
K15555,ASV1046,0,0,0
K15555,ASV1047,0,0,0
K15555,ASV1074,0,0,0
K15555,ASV1081,0,0,0
K15555,ASV1083,0,0,0
K15555,ASV1092,0,0.335,0
K15555,ASV1093,0,0,0
K15555,ASV1117,0,0,0
K15555,ASV1128,0,0,0
K15555,ASV1131,1,5.5,0
K15555,ASV1138,0,0,0
K15555,ASV1147,0,0,0
K15555,ASV1156,0,0,0
K15555,ASV1166,0,0,0
K15555,ASV1174,4,0,0
K15555,ASV1185,0,0,0
K15555,ASV1188,0,20,1.5
K15555,ASV1204,0,0,0
K15555,ASV1228,0,0,0
K15555,ASV1242,0,0,0
K15555,ASV1244,0,1,0
K15555,ASV1248,0,2.5,0
K15555,ASV1268,0,1,0
K15555,ASV1269,0,0.835,0
K15555,ASV1270,0,0,0
K15555,ASV1271,0,0,0
K15555,ASV1272,0,0,0
K15555,ASV1280,0,1,0
K15555,ASV1281,0,0,0
K15555,ASV1291,0,0,0
K15555,ASV1298,0,0,0
K15555,ASV1301,2,0,5
K15555,ASV1303,0,0,0
K15555,ASV1309,0,0,0
K15555,ASV1310,0,0,0
K15555,ASV1320,0,0,0
K15555,ASV1326,0,0,0
K15555,ASV1329,0,0,0
K15555,ASV1334,0,0,0
K15555,ASV1338,0,0,0
K15555,ASV1356,0,0,0
K15555,ASV1361,0,0,0
K15555,ASV1364,0,3,0
K15555,ASV1369,0,0,0
K15555,ASV1377,0,0,0
K15555,ASV1378,0,0,0
K15555,ASV1385,0,0,0
K15555,ASV1397,0,0,0
K15555,ASV1409,0,0,0
K15555,ASV1415,0,0,0
K15555,ASV1416,0,0,0
K15555,ASV1428,0,1,0
K15555,ASV1432,0,0,0
K15555,ASV1433,0,0,0
K15555,ASV1434,0,0,0
K15555,ASV1435,0,0,0
K15555,ASV1453,0,0,0
K15555,ASV1457,0,2.5,0
K15555,ASV1458,0,0,0
K15555,ASV1460,0,2,0
K15555,ASV1466,0,0,0
K15555,ASV1469,0,0,0
K15555,ASV1472,9,24,0
K15555,ASV1475,0,2,0
K15555,ASV1482,0,0.33,0
K15555,ASV1503,0,0,0
K15555,ASV1511,0,0,0
K15555,ASV1513,0,0,0
K15555,ASV1514,0,0,0
K15555,ASV1517,0,0,0
K15555,ASV1520,0,0,0
K15555,ASV1521,0,0,0
K15555,ASV1522,0,210,0
K15555,ASV1524,0,0,0
K15555,ASV1526,1,0,0
K15555,ASV1537,0,5.75,0
K15555,ASV1544,0,2,0
K15555,ASV1547,0,0,0
K15555,ASV1573,0,0,0
K15555,ASV1579,0,0,0
K15555,ASV1583,0,0,0
K15555,ASV1584,0,0,0
K15555,ASV1588,0,0,0
K15555,ASV1594,0,0,0
K15555,ASV1603,0,0,0
K15555,ASV1604,0,3.5,0
K15555,ASV1605,34,0,0
K15555,ASV1614,0,0,0
K15555,ASV1616,0,0,0
K15555,ASV1619,0,0,0
K15555,ASV1629,0,0,0
K15555,ASV1631,0,0,0
K15555,ASV1637,0,0,0
K15555,ASV1644,0,0,0
K15555,ASV1653,0,0,0
K15555,ASV1665,0,0,0
K15555,ASV1666,0,0,0
K15555,ASV1683,0,0,0
K15555,ASV1684,31.5,0,4.5
K15555,ASV1685,0,0,0
K15555,ASV1686,0,2,0
K15555,ASV1688,4.5,30,4.5
K15555,ASV1693,0,0,0
K15555,ASV1705,0,17.5,0
K15555,ASV1741,0,0,0
K15555,ASV1744,0,0,0
K15555,ASV1765,0,471,0
K15555,ASV1766,408,149.5,302
K15555,ASV1770,0,0,0
K15555,ASV1780,0,0,0
K15555,ASV1785,0,2.5,0
K15555,ASV1787,0,0,0
K15555,ASV1805,0,0,0
K15555,ASV1811,3,1.5,0
K15555,ASV1815,0,0,0
K15555,ASV1817,0,0,0
K15555,ASV1823,0,0,0
K15555,ASV1831,0,0,0
K15555,ASV1836,0,0,0
K15555,ASV1847,0,0,0
K15555,ASV1859,0,0,0
K15555,ASV1878,0.165,0,0
K15555,ASV1891,0,0,0
K15555,ASV1917,0,5,0
K15555,ASV1920,0,0,0
K15555,ASV1926,0,0,0
K15555,ASV1927,0,0,0
K15555,ASV1936,0,0.5,0
K15555,ASV1938,0,0,0
K15555,ASV1942,0,0,0
K15555,ASV1947,0,0,0
K15555,ASV1956,0,0,0
K15555,ASV1959,1.665,0,0
K15555,ASV1960,0,0,0
K15555,ASV1964,0,0,0
K15555,ASV1965,0,0,1
K15555,ASV1967,0,9,0
K15555,ASV1968,0,0,0
K15555,ASV1969,0,0,0
K15555,ASV1970,0,0,0
K15555,ASV1973,0,0,0
K15555,ASV1990,2,0,0
K15555,ASV1992,0,0,0
K15555,ASV1993,0,0,0
K15555,ASV2016,0,0,0
K15555,ASV2021,0,0,0
K15555,ASV2022,0,0,0
K15555,ASV2026,0,0,0
K15555,ASV2030,5.6,0.4,26.2
K15555,ASV2036,0,2.5,0
K15555,ASV2038,0,0,0
K15555,ASV2047,0,0,0
K15555,ASV2053,0,0,0
K15555,ASV2063,0,0,0
K15555,ASV2066,0,0.25,0
K15555,ASV2068,0,0,0
K15555,ASV2069,1,0,0
K15555,ASV2079,0,0,0
K15555,ASV2083,0,0,0
K15555,ASV2092,0,5,0
K15555,ASV2105,0,0,0
K15555,ASV2111,0,0,0
K15555,ASV2133,0,0,0
K15555,ASV2151,0,0,0
K15555,ASV2169,0,0,0
K15555,ASV2170,0,0,0
K15555,ASV2174,0,0,0
K15555,ASV2176,0,0,0
K15555,ASV2182,0,0,0
K15555,ASV2185,0,0,0
K15555,ASV2187,40.5,1355,50.5
K15555,ASV2200,0,0,0
K16173,ASV0020,0,0,0
K16173,ASV0099,0,0,0
K16173,ASV0129,0,0,0
K16173,ASV0296,0,0,0
K16173,ASV0303,0,0,0
K16173,ASV0315,0,0,0
K16173,ASV0494,0,0,0
K16173,ASV0535,5057.5,0,295.5
K16173,ASV0537,0,0,0
K16173,ASV0848,0,0,0
K16173,ASV0988,0,0,0
K16173,ASV1057,0,1,0
K16173,ASV1064,0,48,0
K16173,ASV1307,1,1.5,0
K16173,ASV1332,0,0,0
K16173,ASV1400,0,2,0
K16173,ASV1416,0,0,0
K16173,ASV1466,0,0,0
K16173,ASV1471,0,0,0
K16173,ASV1507,0,0,0
K16173,ASV1547,0,0,0
K16173,ASV1613,0,0,0
K16173,ASV1635,0,0,0
K16173,ASV1686,0,2,0
K16173,ASV1911,0,0,0
K16173,ASV2015,0,0,0
K16173,ASV2028,0,0,0
K16173,ASV2133,0,0,0
K16173,ASV2157,0,0,0
K16389,ASV1829,0,0,0
K16515,ASV0149,0,0,0
K16515,ASV0429,0,0.5,0
K16515,ASV0448,0,0,0
K16515,ASV0510,0,0.5,1
K16515,ASV0538,0,0,0
K16515,ASV0681,0,1.5,0
K16515,ASV0835,0,0.5,0
K16515,ASV1195,0,0,0
K16515,ASV1320,0,0,0
K16515,ASV1392,0,0,0
K16515,ASV1431,11.75,5.75,11
K16515,ASV1432,0,0,0
K16515,ASV1470,0,0.335,0
K16515,ASV1482,0,0.165,0
K16515,ASV1522,0,105,0
K16515,ASV1666,0,0,0
K16515,ASV1787,0,0,0
K16515,ASV1811,1,0.5,0
K16515,ASV1859,0,0,0
K16515,ASV1890,76,7,151.25
K16515,ASV1990,1,0,0
K16515,ASV2174,0,0,0
K16515,ASV2185,0,0,0
K16515,ASV2187,40.5,1355,50.5
K18242/K18243,ASV0114,0,0,0
K18242/K18243,ASV0146,0,0,0
K18242/K18243,ASV0204,0,0,0
K18242/K18243,ASV0282,0,0,0
K18242/K18243,ASV0284,0,0,0
K18242/K18243,ASV0496,0,0,0
K18242/K18243,ASV0608,5.5,0,9.5
K18242/K18243,ASV0834,0,0,0
K18242/K18243,ASV0944,0,0,0
K18242/K18243,ASV1023,0,0,0
K18242/K18243,ASV1074,0,0,0
K18242/K18243,ASV1171,0,1889,0
K18242/K18243,ASV1415,0,0,0
K18242/K18243,ASV1524,0,0,0
K18242/K18243,ASV1756,0,0,0
K18242/K18243,ASV1942,0,0,0
K18242/K18243,ASV2030,2.8,0.2,13.1
K18242/K18243,ASV2151,0,0,0
